add_time,address,area,city,lat,lng,name,province,tel,topic
2019-09-09,环渤海农贸城D1区,武清区,天津市,117.056909,39.441006,绿驹电动车,天津市,15102260431,绿驹
2019-09-09,颐宏路12西北70米,新华区,石家庄市,114.487822,38.087678,绿驹电动车,河北省,无,绿驹
2019-09-09,和平西路680号附近,新华区,石家庄市,114.415814,38.069062,绿驹电动车,河北省,无,绿驹
2019-09-09,新开大街92号附近,栾城区,石家庄市,114.656301,37.881695,宗申绿驹电动车,河北省,无,绿驹
2019-09-09,赞皇镇贸易街西头路南,赞皇县,石家庄市,114.389640,37.663992,绿驹电动车(赞皇动力体验店),河北省,无,绿驹
2019-09-09,万寿路南50米,平山县,石家庄市,114.166455,38.267384,绿驹电动车(正义路),河北省,无,绿驹
2019-09-09,常山西路2号华阳购物中心1层,正定县,石家庄市,114.571265,38.144969,绿驹电动车(燕赵南大街),河北省,无,绿驹
2019-09-09,305乡道东50米,赵县,石家庄市,114.884589,37.835724,绿驹电动车,河北省,无,绿驹
2019-09-09,066县道与205省道交叉口南50米,平山县,石家庄市,114.170911,38.192476,绿驹电动车,河北省,无,绿驹
2019-09-09,和平西路军械工程学院东250米,新华区,石家庄市,114.488849,38.055684,绿驹电动车(和平路旗舰店),河北省,无,绿驹
2019-09-09,胜利街与241省道交叉口南50米,平山县,石家庄市,114.134176,38.386141,绿驹电动车,河北省,0311-82871318,绿驹
2019-09-09,交通部旧址公路南50米,平山县,石家庄市,114.202754,38.239189,绿驹电动车(隆城绿都南区南),河北省,13473781774,绿驹
2019-09-09,车站南街与060乡道交叉口西南150米,正定县,石家庄市,114.625577,38.222395,绿驹电动车(旗舰店),河北省,无,绿驹
2019-09-09,中山西路与兴华街交叉口东南150米,鹿泉区,石家庄市,114.384955,38.035972,绿驹电动车(兴华街),河北省,无,绿驹
2019-09-09,302省道北50米,藁城区,石家庄市,114.718218,38.153355,绿驹电动车(早落旗航店),河北省,无,绿驹
2019-09-09,大河路与富强大街交叉口西150米,鹿泉区,石家庄市,114.381068,38.134225,绿驹电动车(大河专卖店),河北省,无,绿驹
2019-09-09,槐安西路246-16号附近,桥西区,石家庄市,114.438535,38.024112,绿驹,河北省,13180494802,绿驹
2019-09-09,殷村镇因村邮局斜对面,元氏县,石家庄市,114.475481,37.845863,绿驹电动车(元氏因村旗舰店),河北省,13315976589,绿驹
2019-09-09,中山广场金圆特市内,平山县,石家庄市,114.204632,38.257008,绿驹电动车,河北省,15369153034,绿驹
2019-09-09,槐安路东风路交叉口东行100米华夏家园华夏电动车市场,桥西区,石家庄市,114.494500,38.023245,绿驹电动车(谈固店),河北省,13933845525,绿驹
2019-09-09,乾荣商业街与镇宁路交叉口西南100米,鹿泉区,石家庄市,114.325190,38.088226,绿驹电动车(镇宁路店),河北省,13803364830,绿驹
2019-09-09,铜冶镇镇前大街鹿泉三院东行100米,鹿泉区,石家庄市,114.378046,37.966890,绿驹电动车福乐美电动三轮车铜冶专卖店,河北省,13931154446,绿驹
2019-09-09,强镇街57号附近,长安区,石家庄市,114.647849,38.064761,绿驹电动车(南村店),河北省,15931136894,绿驹
2019-09-09,香港路158号,行唐县,石家庄市,114.563017,38.441942,踏浪绿驹电动车,河北省,15032136238,绿驹
2019-09-09,206县道西50米,武安市,邯郸市,114.313071,36.808581,绿驹电动车,河北省,无,绿驹
2019-09-09,152乡道北50米,内丘县,邢台市,114.548347,37.318734,绿驹电动车,河北省,无,绿驹
2019-09-09,天宝街与西二环交叉口西行300米路北,宁晋县,邢台市,114.909773,37.624595,绿驹电动车宁晋县动力体验店,河北省,18632160589,绿驹
2019-09-09,黑城中学东北100米(苗大线西),临城县,邢台市,114.493063,37.515218,绿驹电动车(黑城动力体验店),河北省,13231979081,绿驹
2019-09-09,平安大道东200米,内丘县,邢台市,114.469562,37.227230,绿驹电动车,河北省,无,绿驹
2019-09-09,褡石街东50米,沙河市,邢台市,114.297216,36.883905,绿驹电动车(盛世名居西北),河北省,无,绿驹
2019-09-09,振兴东路123号,内丘县,邢台市,114.524183,37.285426,绿驹电动车(内丘专卖店),河北省,无,绿驹
2019-09-09,232省道西50米,曲阳县,保定市,114.739673,38.669666,绿驹电动车,河北省,无,绿驹
2019-09-09,解放路162附近,杏花岭区,太原市,112.562127,37.882956,绿驹电动车,山西省,无,绿驹
2019-09-09,208国道西50米,清徐县,太原市,112.465082,37.548550,绿驹电动车,山西省,13466819936,绿驹
2019-09-09,胜利桥与郝家庄路交叉口东50米,古交市,太原市,112.169501,37.900592,绿驹电动车(川东小区北),山西省,15536559500,绿驹
2019-09-09,冠山镇隆升小区底商,平定县,阳泉市,113.639374,37.792189,绿驹电动车,山西省,15935387088,绿驹
2019-09-09,崇文镇梅园西街44号(陵川县烟草专卖局南),陵川县,晋城市,113.277622,35.772299,绿驹电动车,山西省,18635606968,绿驹
2019-09-09,新市西街1433号,城区,晋城市,112.839283,35.499589,绿驹电动车(新市西街),山西省,0356-3039225;0356-3067676,绿驹
2019-09-09,002乡道北50米,太谷县,晋中市,112.623588,37.480312,绿驹电动车胡村专卖店,山西省,无,绿驹
2019-09-09,102省道与332县道交叉口北100米,榆次区,晋中市,112.760200,37.624790,绿驹电动车建华车行专卖,山西省,无,绿驹
2019-09-09,恒信远小区南80米(郭东线西),榆次区,晋中市,112.721169,37.613301,绿驹电动车专卖店,山西省,无,绿驹
2019-09-09,S232(侯风线),闻喜县,运城市,111.173637,35.303090,绿驹电动车,山西省,无,绿驹
2019-09-09,桐城镇公园壹号2期门口,闻喜县,运城市,111.226898,35.347844,闻喜绿驹电动车动力体验店,山西省,18235988897,绿驹
2019-09-09,晋铝西路南50米,河津市,运城市,110.670500,35.639622,绿驹电动车,山西省,无,绿驹
2019-09-09,008乡道太阳雨太阳能东20米,闻喜县,运城市,111.102669,35.417041,绿驹电动车,山西省,13133149958,绿驹
2019-09-09,雁兴路与新耿南街交叉口东,河津市,运城市,110.713300,35.585039,绿驹电动车(莲池路),山西省,13353482532,绿驹
2019-09-09,804县道与808县道交叉口东150米,万荣县,运城市,110.811317,35.479276,绿驹电动车专卖,山西省,13994992354,绿驹
2019-09-09,顺城街与799县道交叉口西50米,新绛县,运城市,111.224779,35.609494,绿驹电动车,山西省,无,绿驹
2019-09-09,雁兴路中国联通对面,河津市,运城市,110.716136,35.585283,绿驹电动车(莲池路),山西省,13353482532,绿驹
2019-09-09,232省道,新绛县,运城市,111.138629,35.538726,绿驹电动车,山西省,0359-7793098,绿驹
2019-09-09,016乡道与235省道交叉口东北200米,闻喜县,运城市,111.312150,35.430140,绿驹电动车(西街商贸大厦西南),山西省,13191198236;15735340394,绿驹
2019-09-09,232省道附近,闻喜县,运城市,111.157992,35.444952,绿驹电动车(畖底镇人民政府西北),山西省,0359-7090601;13834104256,绿驹
2019-09-09,新开南路346号,闻喜县,运城市,111.221563,35.353185,绿驹黑马电动车自行车,山西省,0359-7028897,绿驹
2019-09-09,东冶镇,五台县,忻州市,113.153406,38.644350,绿驹电动车东冶专卖店,山西省,无,绿驹
2019-09-09,康佳路与030乡道交叉口南150米,定襄县,忻州市,113.104454,38.597409,绿驹电动车,山西省,13803449327,绿驹
2019-09-09,新建路与信阳街交叉口东,五台县,忻州市,113.261605,38.721437,绿驹电动车(五台旗舰店),山西省,无,绿驹
2019-09-09,向阳路与城南街交叉口西北150米,繁峙县,忻州市,113.270620,39.186383,绿驹电动车(向阳路),山西省,无,绿驹
2019-09-09,府后街与309国道交叉口东北50米,安泽县,临汾市,112.247527,36.148723,绿驹电动车,山西省,18234753508,绿驹
2019-09-09,永安镇宏升楼下,汾西县,临汾市,111.548276,36.656543,绿驹电动车,山西省,无,绿驹
2019-09-09,午城大桥与209国道交叉口东南200米,隰县,临汾市,110.867812,36.497123,绿驹电动车,山西省,无,绿驹
2019-09-09,西盘线,襄汾县,临汾市,111.399394,35.883956,绿驹电动车,山西省,无,绿驹
2019-09-09,解放东路100号临铸住宅小区门口,尧都区,临汾市,111.555551,36.082303,绿驹电动车(东城店),山西省,18734740066,绿驹
2019-09-09,商业街与红旗路交叉口东南100米,尧都区,临汾市,111.469531,36.089234,绿驹电动车(动力体验店),山西省,无,绿驹
2019-09-09,027乡道与232省道交叉口东北150米,襄汾县,临汾市,111.368594,35.969109,绿驹电动车,山西省,无,绿驹
2019-09-09,丁村路与南大街交叉口东南50米,襄汾县,临汾市,111.439745,35.873849,绿驹电动车,山西省,13133070737,绿驹
2019-09-09,中心街3号附近,尧都区,临汾市,111.526266,36.166369,绿驹电动专卖,山西省,无,绿驹
2019-09-09,霍侯一级公路西50米,襄汾县,临汾市,111.464454,35.992565,绿驹电动车,山西省,无,绿驹
2019-09-09,霍侯一级公路东50米,洪洞县,临汾市,111.724512,36.318787,绿驹电动车,山西省,无,绿驹
2019-09-09,侯村,洪洞县,临汾市,111.705800,36.380356,绿驹电动车,山西省,13453696131,绿驹
2019-09-09,政府街32号,尧都区,临汾市,111.533546,36.120928,绿驹电动车,山西省,18636741429,绿驹
2019-09-09,尧山东路与朝阳巷交叉口西北100米,浮山县,临汾市,111.854445,35.973014,绿驹电动车,山西省,无,绿驹
2019-09-09,郭仪线与537县道交叉口北200米,曲沃县,临汾市,111.557086,35.699342,绿驹电动车,山西省,13293778166,绿驹
2019-09-09,商业街与红旗路交叉口东南50米,尧都区,临汾市,111.469355,36.089241,绿驹电动车柏庄授权店,山西省,13293878189,绿驹
2019-09-09,文昌街与河西路交叉口西北100米,永和县,临汾市,110.630512,36.755737,绿驹电动车(永和店),山西省,无,绿驹
2019-09-09,蒲伊西街185附近,蒲县,临汾市,111.091830,36.414349,绿驹电动车(蒲县动力体验店),山西省,无,绿驹
2019-09-09,古楼南街与教育路交叉口南50米,隰县,临汾市,110.935248,36.686582,绿驹电动车(南关小区店),山西省,13753737632,绿驹
2019-09-09,解放路街道广宣街五交化二区,尧都区,临汾市,111.528075,36.090517,绿驹电动车,山西省,无,绿驹
2019-09-09,霍侯一级公路,洪洞县,临汾市,111.662064,36.423152,绿驹电动车,山西省,无,绿驹
2019-09-09,红旗路与致富路交通警察大队五中队旁,尧都区,临汾市,111.471860,36.097008,绿驹电动车,山西省,13103479132,绿驹
2019-09-09,赵城镇108国道振业花苑附近,洪洞县,临汾市,111.688709,36.383240,绿驹电动车(振业花苑店),山西省,0357-6565926,绿驹
2019-09-09,市北环路122号(家家利超市东),霍州市,临汾市,111.733376,36.574816,绿驹电动车,山西省,无,绿驹
2019-09-09,侯马市浍滨街道中心街华强大酒店西北200米,侯马市,临汾市,111.383639,35.624349,绿驹电动车(纺织东巷),山西省,13703571292,绿驹
2019-09-09,关帝楼街与古羊路交叉口西100米,洪洞县,临汾市,111.669240,36.257095,绿驹电动车(涧桥北路),山西省,0357-5551100,绿驹
2019-09-09,兴隆东街26号,曲沃县,临汾市,111.477331,35.642630,绿驹电动车(兴隆东街店),山西省,13994012067;13994012967,绿驹
2019-09-09,544县道北50米,洪洞县,临汾市,111.770894,36.292496,绿驹电动车,山西省,0357-6296911,绿驹
2019-09-09,038乡道东100米,尧都区,临汾市,111.494291,36.150293,绿驹电动车,山西省,无,绿驹
2019-09-09,中国邮政储蓄银行斜对面,洪洞县,临汾市,111.615339,36.184453,绿驹电动车行,山西省,0357-6684705;15103475929,绿驹
2019-09-09,霍侯一级公路东100米,尧都区,临汾市,111.481218,36.027849,小胡绿驹电动车,山西省,15603576020,绿驹
2019-09-09,东村镇恒丰商城院内,岚县,吕梁市,111.678774,38.278030,绿驹电动车,山西省,无,绿驹
2019-09-09,永宁中路荣宁商城B区27号,离石区,吕梁市,111.147062,37.517555,绿驹电动车(吕梁体验店),山西省,15934016232,绿驹
2019-09-09,战备路附近,青山区,包头市,109.908067,40.681940,绿驹电动车,内蒙古自治区,无,绿驹
2019-09-09,110国道北50米,东河区,包头市,110.262883,40.566223,绿驹电动车,内蒙古自治区,无,绿驹
2019-09-09,百货大楼(南门外大街)附近,东河区,包头市,110.028895,40.579512,绿驹电动车(美特好东),内蒙古自治区,0472-2285851,绿驹
2019-09-09,交通路797号附近,科尔沁区,通辽市,122.258214,43.607094,绿驹电动车,内蒙古自治区,无,绿驹
2019-09-09,团结路与建设大街交叉口西100米,科尔沁左翼中旗,通辽市,123.309985,44.128772,绿驹电动车,内蒙古自治区,15149890851,绿驹
2019-09-09,翔运街与西安大路交叉口南50米,绿园区,长春市,125.298610,43.895711,绿驹电动车(西安大路店),吉林省,无,绿驹
2019-09-09,振兴大街91号附近,绥滨县,鹤岗市,131.854276,47.293099,绿驹电动车,黑龙江省,无,绿驹
2019-09-09,阳光路与203县道交叉口北200米,贾汪区,徐州市,117.356925,34.294163,开发区绿驹电动车总代理,江苏省,无,绿驹
2019-09-09,兴标北路,金坛区,常州市,119.495717,31.615665,绿驹电动车,江苏省,13004427851,绿驹
2019-09-09,东环路西150米,常熟市,苏州市,120.968019,31.604358,绿驹电动车,江苏省,无,绿驹
2019-09-09,八匡路与麒龙路交叉口南100米,海门市,南通市,121.310594,31.935651,绿驹电动车,江苏省,无,绿驹
2019-09-09,大悲殿路与030县道交叉口北50米,通州区,南通市,121.172753,32.036656,绿驹电动车余西专卖店,江苏省,无,绿驹
2019-09-09,新地西路南50米,通州区,南通市,120.937188,32.059823,绿驹电动车,江苏省,无,绿驹
2019-09-09,悦来镇东通线南,海门市,南通市,121.425861,31.979306,绿驹电动车,江苏省,无,绿驹
2019-09-09,人民路与028县道交叉口西南50米,海门市,南通市,121.270188,32.012192,绿驹电动车,江苏省,无,绿驹
2019-09-09,石港镇陆家桥加油站西隔壁,通州区,南通市,120.939483,32.209067,绿驹电动车(陆家桥旗舰店),江苏省,13515222258;18136536366,绿驹
2019-09-09,世伦路西50米,崇川区,南通市,120.916906,31.987589,绿驹电动车(裕景苑店),江苏省,13912280887,绿驹
2019-09-09,通吕公路与028县道交叉口西150米,通州区,南通市,121.111709,32.018010,绿驹电动车,江苏省,13813758683,绿驹
2019-09-09,正阳路124附近,大丰区,盐城市,120.576795,33.048801,绿驹电动车,江苏省,无,绿驹
2019-09-09,光明东路与光明西路交叉口西50米,盐都区,盐城市,119.916087,33.261036,绿驹电动车,江苏省,无,绿驹
2019-09-09,红旗东路南100米,射阳县,盐城市,120.279720,33.775678,绿驹电动车(红旗东路),江苏省,无,绿驹
2019-09-09,瑞山路80-53号附近,丹徒区,镇江市,119.444734,32.122136,绿驹电动车,江苏省,无,绿驹
2019-09-09,英武路120号(体育场大门北侧),兴化市,泰州市,119.838236,32.940027,绿驹电动车专卖店兴化旗舰店,江苏省,无,绿驹
2019-09-09,昭阳镇英武北路121号,兴化市,泰州市,119.834422,32.944223,绿驹电动车,江苏省,无,绿驹
2019-09-09,东方锦城大门西,沭阳县,宿迁市,118.809089,34.118492,绿驹电动车,江苏省,无,绿驹
2019-09-09,南苑街道翁乔路180号,余杭区,杭州市,120.298578,30.366591,绿驹电动车,浙江省,15868439096,绿驹
2019-09-09,新螺路,萧山区,杭州市,120.338747,30.147944,绿驹电动车,浙江省,无,绿驹
2019-09-09,古塘路13号附近,滨江区,杭州市,120.228110,30.189592,绿驹电动车,浙江省,无,绿驹
2019-09-09,,桐庐县,杭州市,119.723192,29.812502,绿驹电动车,浙江省,无,绿驹
2019-09-09,乐河路33附近,萧山区,杭州市,120.467464,30.296152,绿驹电动车,浙江省,无,绿驹
2019-09-09,北沙西路,余杭区,杭州市,120.267223,30.426891,绿驹电动车,浙江省,15267016071,绿驹
2019-09-09,临江路45号附近,萧山区,杭州市,120.249717,30.038995,绿驹电动车,浙江省,无,绿驹
2019-09-09,新湾商贸中心3幢1-3号,萧山区,杭州市,120.536651,30.275555,蓝贝绿驹电动车,浙江省,0571-82153361;13967112618,绿驹
2019-09-09,新塘街道一都孙村,萧山区,杭州市,120.303044,30.144444,绿驹电动车,浙江省,无,绿驹
2019-09-09,奉欣路27号附近,余杭区,杭州市,120.083883,30.443297,绿驹电动车,浙江省,无,绿驹
2019-09-09,登城北路与金城路交叉口西100米,富阳区,杭州市,119.738371,29.975404,绿驹电动车海勇专卖行,浙江省,无,绿驹
2019-09-09,狮城路349号附近,淳安县,杭州市,118.665336,29.473727,绿驹电动车,浙江省,无,绿驹
2019-09-09,北沙西路407号,余杭区,杭州市,120.267590,30.427114,具才电动车商行,浙江省,15267016071,绿驹
2019-09-09,新街镇长山工人路252号,萧山区,杭州市,120.302984,30.187780,绿驹电动车,浙江省,0571-82617130,绿驹
2019-09-09,武强路31号附近,淳安县,杭州市,118.541878,29.424139,绿驹电动车,浙江省,无,绿驹
2019-09-09,千岛湖镇鼓山涌金路321-3-4,淳安县,杭州市,119.110855,29.611778,绿驹电动车(鼓山店),浙江省,18058740325,绿驹
2019-09-09,晨晖路南匝道与萧然西路交叉口南200米,萧山区,杭州市,120.258385,30.135487,华亮车业,浙江省,0571-82685560,绿驹
2019-09-09,新建路与蒋三段交叉口东北50米,富阳区,杭州市,119.904616,29.997065,绿驹电动车专卖,浙江省,无,绿驹
2019-09-09,商贸街39号,萧山区,杭州市,120.465475,30.229904,绿驹电动车专卖店,浙江省,无,绿驹
2019-09-09,文化路与胜利路交叉口东南100米,萧山区,杭州市,120.465477,30.229908,琳达电动车商行,浙江省,无,绿驹
2019-09-09,后山路与英烈路交叉口西南50米,建德市,杭州市,119.512923,29.439837,绿驹电动车,浙江省,无,绿驹
2019-09-09,瓶窑镇大桥路65号,余杭区,杭州市,119.975669,30.394249,绿驹电动车(阿东车行二店),浙江省,无,绿驹
2019-09-09,衙前镇成虎路沈氏化纤厂斜对面,萧山区,杭州市,120.415149,30.159875,绿驹电动车专卖店,浙江省,无,绿驹
2019-09-09,东昌路与305省道交叉口西北50米,建德市,杭州市,119.226271,29.358768,绿驹电动车店,浙江省,19883102766,绿驹
2019-09-09,临平镇邱山大街236号,余杭区,杭州市,120.297372,30.421409,绿驹电动车(临平动力体验店),浙江省,18969005978,绿驹
2019-09-09,径山镇潘板桥村下感塘13号,余杭区,杭州市,119.868030,30.382748,绿驹电动车曹奇车行,浙江省,无,绿驹
2019-09-09,江南镇深澳村求是路菜市场旁,桐庐县,杭州市,119.837752,29.855631,绿驹电动车,浙江省,无,绿驹
2019-09-09,白章线西50米,建德市,杭州市,119.394511,29.498118,绿驹电动车售后服务点,浙江省,无,绿驹
2019-09-09,423县道与425县道交叉口东50米,富阳区,杭州市,119.884926,30.121950,绿驹电动车(洪庄秋红专卖店),浙江省,无,绿驹
2019-09-09,大源镇亭山西路12号,富阳区,杭州市,120.005919,30.001978,绿驹电动车(亭山路店),浙江省,无,绿驹
2019-09-09,横凉亭路28号综合市场内,富阳区,杭州市,119.925003,30.049348,绿驹电动车富阳总代理(综合市场),浙江省,13575792388,绿驹
2019-09-09,南虹路365号,萧山区,杭州市,120.450485,30.261379,绿驹电动车(南阳动力店),浙江省,0571-82186223,绿驹
2019-09-09,乔司镇永玄路26号,余杭区,杭州市,120.291253,30.356206,绿驹电动车(乔司动力体验店),浙江省,13429644227,绿驹
2019-09-09,瓜沥镇人民路845号,萧山区,杭州市,120.460253,30.176712,绿驹电动车(瓜沥动力体验店),浙江省,0571-82552694,绿驹
2019-09-09,管楼线112号附近,萧山区,杭州市,120.151103,29.916562,绿驹电动车(楼塔动力体验店),浙江省,15268155148,绿驹
2019-09-09,下徐家6号,富阳区,杭州市,120.057673,30.083729,绿驹电动车(钱塘家园西北),浙江省,15867183906,绿驹
2019-09-09,东湖北路230号,余杭区,杭州市,120.302381,30.443751,绿驹电动车(临平动力体验店),浙江省,无,绿驹
2019-09-09,东门东路18号附近,富阳区,杭州市,119.737933,29.967406,绿驹电动车(新登动力体验店),浙江省,0571-63250846,绿驹
2019-09-09,天目路45号,临安区,杭州市,119.397743,30.180463,绿驹电动车,浙江省,0571-63886986,绿驹
2019-09-09,西门路25附近,富阳区,杭州市,119.574646,30.093415,绿驹电动车(万市旗舰店),浙江省,无,绿驹
2019-09-09,永翔路附近,萧山区,杭州市,120.235639,30.029185,绿驹电动车,浙江省,13454179681,绿驹
2019-09-09,临天路246号,临安区,杭州市,119.716077,30.233515,绿驹电动车(临安旗舰店),浙江省,无,绿驹
2019-09-09,尖端路142号,桐庐县,杭州市,119.695799,29.773769,国权车行(青山店),浙江省,15906881018,绿驹
2019-09-09,新安江白沙路161号,建德市,杭州市,119.284487,29.463309,绿驹电动车,浙江省,0571-64703873,绿驹
2019-09-09,千岛湖镇龙门路126号,淳安县,杭州市,119.054839,29.611028,绿驹电动车(龙门路),浙江省,13750897720,绿驹
2019-09-09,兴洋路28-7号,桐庐县,杭州市,119.669574,29.809781,绿驹电动车(桐庐专卖店),浙江省,无,绿驹
2019-09-09,安阳村虎山坪3号附近,淳安县,杭州市,118.832097,29.421182,绿駒电动车,浙江省,无,绿驹
2019-09-09,康盛路259号附近,淳安县,杭州市,119.162284,29.600681,绿驹电动车,浙江省,无,绿驹
2019-09-09,,海曙区,宁波市,121.505323,29.823829,绿驹电动车,浙江省,无,绿驹
2019-09-09,,鄞州区,宁波市,121.580667,29.820714,绿驹电动车,浙江省,13967805221,绿驹
2019-09-09,新丰路218号附近,象山县,宁波市,121.873211,29.464979,绿驹电动车,浙江省,无,绿驹
2019-09-09,东河路717号附近,北仑区,宁波市,121.839534,29.903346,绿驹电动车,浙江省,13586855982,绿驹
2019-09-09,彭民路74号附近,慈溪市,宁波市,121.273593,30.163586,绿驹电动车,浙江省,无,绿驹
2019-09-09,南方路与薛家南路交叉口东北100米,海曙区,宁波市,121.489508,29.849030,绿驹电动车,浙江省,无,绿驹
2019-09-09,南大路与大义房路交叉口东南50米,慈溪市,宁波市,121.179710,30.213246,绿驹电动车专卖店(长河店),浙江省,18352938677;18267472741,绿驹
2019-09-09,兴镇街与建安路交叉口东50米,慈溪市,宁波市,121.251167,30.220963,绿驹电动车,浙江省,无,绿驹
2019-09-09,车站路410号(供电局对面),镇海区,宁波市,121.702991,29.952146,绿驹电动车,浙江省,无,绿驹
2019-09-09,慈海南路与镇骆西路交叉口南50米,镇海区,宁波市,121.585892,29.983817,绿驹电动车,浙江省,0574-56211668;13175914938,绿驹
2019-09-09,兴定路与华塘路交叉口东50米,象山县,宁波市,121.843789,29.228998,绿驹电动车(定塘专卖店),浙江省,无,绿驹
2019-09-09,河姆渡南路51号附近,余姚市,宁波市,121.318273,29.986298,绿驹电动车(河姆渡南路),浙江省,无,绿驹
2019-09-09,春晓镇听海路675号鼎尚公寓楼下,北仑区,宁波市,121.898914,29.757750,绿驹电动车,浙江省,无,绿驹
2019-09-09,闽江路与明州路交叉口南50米,北仑区,宁波市,121.863383,29.907270,绿驹电动车,浙江省,无,绿驹
2019-09-09,越溪乡振兴路77号,宁海县,宁波市,121.522475,29.263922,绿驹电动车,浙江省,无,绿驹
2019-09-09,新大路375号,北仑区,宁波市,121.831403,29.907309,绿驹电动车(新大路),浙江省,13777236936,绿驹
2019-09-09,梁弄镇学堂弄26号近正蒙街,余姚市,宁波市,121.080393,29.912560,绿驹锡军车行,浙江省,0574-62367107,绿驹
2019-09-09,低塘街道振兴路环球轴承旁,余姚市,宁波市,121.152898,30.117180,绿驹电动车(振兴路店),浙江省,无,绿驹
2019-09-09,白玉兰客房(观附公路东),慈溪市,宁波市,121.387172,30.204614,绿驹电动车,浙江省,无,绿驹
2019-09-09,陈华浦127号,北仑区,宁波市,121.864775,29.885966,绿驹电动车(泰山路店),浙江省,无,绿驹
2019-09-09,低塘街道洋山村329国道金轮集团四叉路口,余姚市,宁波市,121.216361,30.171230,绿驹电动车大卖场,浙江省,无,绿驹
2019-09-09,咸祥中路37-39附近,鄞州区,宁波市,121.777528,29.689964,绿驹电动车,浙江省,0574-88313615,绿驹
2019-09-09,周巷镇兴业北路268号,慈溪市,宁波市,121.132167,30.173369,绿驹电动车(周巷直营店),浙江省,18957478363,绿驹
2019-09-09,兰江街道南雷路307号,余姚市,宁波市,121.157092,30.039120,绿驹电动车(世南东路店),浙江省,无,绿驹
2019-09-09,陆埠镇陆埠桥西钟山西路12号,余姚市,宁波市,121.234228,29.987553,绿驹电动车,浙江省,无,绿驹
2019-09-09,爵溪镇振瀛路47号,象山县,宁波市,121.953860,29.470550,绿驹电动车(南山路),浙江省,无,绿驹
2019-09-09,仙境路45号附近,慈溪市,宁波市,121.502596,30.094182,绿驹电动车,浙江省,无,绿驹
2019-09-09,姜方段与方阳南路交叉口西北50米,奉化区,宁波市,121.455996,29.759725,绿驹电动车,浙江省,无,绿驹
2019-09-09,横河镇中兴西路86号,慈溪市,宁波市,121.237621,30.130610,绿驹电动车(横河专卖店),浙江省,无,绿驹
2019-09-09,嵩溪路与汇汉路交叉口西北100米(瀛广社区卫生服务站北),象山县,宁波市,121.678509,29.477780,绿驹电动车(瀛广社区卫生服务站北),浙江省,13968392188,绿驹
2019-09-09,夹湖段与湖北路交叉口西南50米,余姚市,宁波市,121.005255,30.183940,绿驹电动车湖北4S销售中心,浙江省,0574-62162224,绿驹
2019-09-09,里小段南50米,北仑区,宁波市,121.984362,29.785951,绿驹电动车,浙江省,无,绿驹
2019-09-09,横河镇南二环车城东区70号,慈溪市,宁波市,121.247751,30.160465,绿驹电动车,浙江省,0574-23615668,绿驹
2019-09-09,匡堰中心幼儿园西60米(寺马线东),慈溪市,宁波市,121.303602,30.154372,绿驹电动车(匡堰动力体验店),浙江省,无,绿驹
2019-09-09,新浦镇水湘村樟新路455弄6号,慈溪市,宁波市,121.371120,30.242707,帝皇电动车(新浦店),浙江省,15257889670,绿驹
2019-09-09,胜山镇马潭南路166号,慈溪市,宁波市,121.320612,30.228853,绿驹电动车(胜山动力体验店),浙江省,0574-63526951,绿驹
2019-09-09,掌起镇镇镇中路227号,慈溪市,宁波市,121.452581,30.115267,绿驹电动车(掌起动力体验店),浙江省,18106614444,绿驹
2019-09-09,笔峰路与西坞南路交叉口东南50米,奉化区,宁波市,121.489515,29.676705,绿驹(苏琪尔电动车专卖店),浙江省,13819897723,绿驹
2019-09-09,桥头镇吴山南路806号,慈溪市,宁波市,121.365475,30.159703,绿驹电动车(桥头动力体验店),浙江省,无,绿驹
2019-09-09,逍林镇樟新北路250号,慈溪市,宁波市,121.327965,30.185276,绿驹电动车(逍林专卖店),浙江省,无,绿驹
2019-09-09,泗门镇光明北路105号,余姚市,宁波市,121.040417,30.166261,绿驹电动车(泗门店),浙江省,0574-62123501,绿驹
2019-09-09,新桥镇S80象山爱兴宾馆附近,象山县,宁波市,121.865774,29.315889,绿驹电动车专卖(兴狮路),浙江省,13566649400,绿驹
2019-09-09,火炉头路173号,象山县,宁波市,121.940442,29.202753,绿驹电动车(石浦专卖店),浙江省,0574-65970869;13586939000,绿驹
2019-09-09,宁穿西路112-118号,北仑区,宁波市,121.798221,29.885094,召君车行,浙江省,15258280689,绿驹
2019-09-09,庐山中路与芦山路交叉口西100米,北仑区,宁波市,121.806633,29.897447,绿驹电动车(庐山中路店),浙江省,无,绿驹
2019-09-09,锦屏街道南山路23号,奉化区,宁波市,121.411212,29.654219,绿驹电动车总经销勇杰摩托车公司,浙江省,0574-88583088,绿驹
2019-09-09,杨梅路与319省道交叉口东北100米,余姚市,宁波市,121.286243,30.033268,绿驹电动车(渔溪商城东北),浙江省,13008903506,绿驹
2019-09-09,长街镇东兴中路105号,宁海县,宁波市,121.713966,29.243075,绿驹电动车,浙江省,0574-65331128,绿驹
2019-09-09,建设北路与滨海路交叉口西北100米,宁海县,宁波市,121.442541,29.485334,绿驹电动车,浙江省,无,绿驹
2019-09-09,力洋中路76号(力洋镇力洋村社区卫生服务室3西),宁海县,宁波市,121.618068,29.303711,绿驹电动车(力洋专卖店),浙江省,0574-65101255,绿驹
2019-09-09,溪口镇中兴西路15号,奉化区,宁波市,121.276073,29.683753,绿驹电动车(溪口动力体验店),浙江省,0574-88871117,绿驹
2019-09-09,江南东路682号,北仑区,宁波市,121.723141,29.939141,绿驹电动车(红联店),浙江省,无,绿驹
2019-09-09,海港路与海湾路交叉口东南50米,北仑区,宁波市,121.969417,29.899760,绿驹电动车(海港路),浙江省,无,绿驹
2019-09-09,奉松路中国邮政储蓄银行斜对面,奉化区,宁波市,121.516745,29.572310,绿驹电动车(直街步行街),浙江省,0574-88742046;13819890010,绿驹
2019-09-09,跃龙街道人民大道234号,宁海县,宁波市,121.435843,29.293687,绿驹电动车(宁海勤新旗舰店),浙江省,无,绿驹
2019-09-09,东河塘路212号快乐购超市旁,北仑区,宁波市,121.845919,29.921042,绿驹电动车,浙江省,13586855982,绿驹
2019-09-09,富北路西50米,慈溪市,宁波市,121.310124,30.285328,闪亮绿驹电动车,浙江省,无,绿驹
2019-09-09,镇武东路158号北70米,乐清市,温州市,121.060163,28.165602,绿驹电动车,浙江省,无,绿驹
2019-09-09,,平阳县,温州市,120.644848,27.671856,绿驹电动车(海西动力体验店),浙江省,无,绿驹
2019-09-09,乐清市交通西路7号附近,乐清市,温州市,121.100649,28.244677,绿驹电动车,浙江省,无,绿驹
2019-09-09,马桥路19号附近,瓯海区,温州市,120.569359,27.944406,绿驹电动车,浙江省,无,绿驹
2019-09-09,万全镇章桥粮油东路56-58号,平阳县,温州市,120.583380,27.726122,绿驹电动车(章桥动力旗舰店),浙江省,无,绿驹
2019-09-09,朝阳大街与沈东路交叉口东北100米,瓯海区,温州市,120.671418,27.858465,绿驹电动车,浙江省,无,绿驹
2019-09-09,浦东社区温瞿东路325号,瓯海区,温州市,120.580926,27.994278,绿驹电动车,浙江省,13676778556,绿驹
2019-09-09,乐成街道建设中路130号,乐清市,温州市,120.961021,28.119094,绿驹电动车,浙江省,无,绿驹
2019-09-09,慎海南路与育才路交叉口东北50米,乐清市,温州市,121.014929,28.149002,绿驹电动车,浙江省,无,绿驹
2019-09-09,环城东路与虎啸路交叉口西北100米,乐清市,温州市,120.911147,28.039590,绿驹电动车(长虹动力体验店),浙江省,15167412942,绿驹
2019-09-09,上塘镇环城北路上塘中学对面,永嘉县,温州市,120.694820,28.157939,绿驹电动车(永嘉动力体验店),浙江省,无,绿驹
2019-09-09,民莘西路3-7号,瑞安市,温州市,120.675860,27.783597,绿驹电动车,浙江省,0577-66683332,绿驹
2019-09-09,飞云西路70号,瑞安市,温州市,120.619033,27.770215,绿驹电动车,浙江省,无,绿驹
2019-09-09,滨江路388号,文成县,温州市,120.069370,27.668230,绿驹电动车(珊溪店),浙江省,13868688545,绿驹
2019-09-09,南阳路与邮讯路交叉口西南50米,瓯海区,温州市,120.703311,27.910407,绿驹电动车(邮讯路),浙江省,0577-86683253,绿驹
2019-09-09,永强大道1785号,龙湾区,温州市,120.792464,27.868527,绿驹电动车（开发区旗舰店）,浙江省,无,绿驹
2019-09-09,温瞿东路319-325号(4路公交车始发站斜对面),瓯海区,温州市,120.607314,27.989547,绿驹电动车(温州销售中心),浙江省,0577-56570058;13857705125,绿驹
2019-09-09,溪滨路与环城东路交叉口东北50米,乐清市,温州市,121.157822,28.401879,绿驹电动车,浙江省,无,绿驹
2019-09-09,交通东路9-11号,乐清市,温州市,120.853973,28.036453,绿驹电动车(北白象动力体验店),浙江省,无,绿驹
2019-09-09,吴桥路232号,鹿城区,温州市,120.657480,27.998672,绿驹电动车,浙江省,13858879825,绿驹
2019-09-09,镇西北路81号,乐清市,温州市,120.970102,28.028761,绿驹电动车(翁垟动力体验店),浙江省,13291779710;13216057867,绿驹
2019-09-09,郑林东路464号,平阳县,温州市,120.611215,27.719267,绿驹电动车(万全镇动力体验店),浙江省,13388527618,绿驹
2019-09-09,芙蓉镇芙蓉街76号,乐清市,温州市,121.035579,28.294747,绿驹电动车,浙江省,无,绿驹
2019-09-09,北白象镇交通东路1-3号,乐清市,温州市,120.856316,28.038033,鑫绿驹电动车(白象店),浙江省,13588951411;15967776336,绿驹
2019-09-09,瞿溪会龙路318号,瓯海区,温州市,120.529656,27.993637,绿驹电动车(会龙路),浙江省,0577-86270861,绿驹
2019-09-09,上塘镇永建路124号,永嘉县,温州市,120.697363,28.148339,绿驹电动车(永嘉动力体验店),浙江省,0577-67222452;13075709718,绿驹
2019-09-09,桥东北大街与镇中西路交叉口西北100米,永嘉县,温州市,120.479636,28.168990,绿驹电动车(永嘉桥头旗舰店),浙江省,无,绿驹
2019-09-09,鳌江镇新河中路117-119号,平阳县,温州市,120.552361,27.603529,绿驹电动车(鳌江动力体验店),浙江省,0577-63678950,绿驹
2019-09-09,双屿中路与教育路交叉口西南50米,瑞安市,温州市,120.457451,27.779620,绿驹电动车,浙江省,无,绿驹
2019-09-09,东门大街134号附近,苍南县,温州市,120.614531,27.431705,绿驹电动车,浙江省,无,绿驹
2019-09-09,纪兴东路3号附近,龙湾区,温州市,120.829617,27.898474,绿驹电动车(龙湾旗舰店),浙江省,无,绿驹
2019-09-09,柳市镇七里港沿江大道3-5号,乐清市,温州市,120.898007,28.000307,绿驹电动车,浙江省,无,绿驹
2019-09-09,陶山镇花园路10号,瑞安市,温州市,120.499233,27.843463,绿驹电动车(陶山动力体验店),浙江省,15858856282,绿驹
2019-09-09,建宇路与象中中路交叉口西北50米,乐清市,温州市,120.932089,28.030993,绿驹电动车,浙江省,0577-62622566,绿驹
2019-09-09,瑶溪镇河头龙苏川路26号,龙湾区,温州市,120.778016,27.944325,绿驹电动车(龙湾旗舰店),浙江省,无,绿驹
2019-09-09,柳白路与站前路交叉口北150米,乐清市,温州市,120.863828,28.086170,绿驹电动车(白石动力体验店),浙江省,13758417706,绿驹
2019-09-09,解放东路231号,瑞安市,温州市,120.636961,27.778546,绿驹电动车(瑞安旗舰店),浙江省,13989712737;0577-58899268,绿驹
2019-09-09,健康中路与建设路交叉口南50米,文成县,温州市,120.090215,27.788151,绿驹电动车(文成动力体验店),浙江省,13868668155,绿驹
2019-09-09,环镇北路88-90号,瑞安市,温州市,120.694301,27.834476,绿驹电动车(塘下动力体验店),浙江省,无,绿驹
2019-09-09,瓯北张堡工业街105号,永嘉县,温州市,120.617080,28.049085,绿驹电动车(瓯北动力体验店),浙江省,无,绿驹
2019-09-09,灵昆东路灵昆镇委西南100米,洞头区,温州市,120.884153,27.964335,绿驹电动车,浙江省,无,绿驹
2019-09-09,人民路101-106号,平阳县,温州市,120.563004,27.674258,绿驹电动车(平阳旗舰店),浙江省,0577-63187601,绿驹
2019-09-09,腾龙东路52-68号,平阳县,温州市,120.332275,27.638578,绿驹电动车(水头旗舰店),浙江省,13958951750,绿驹
2019-09-09,柳市镇育英北路139号,乐清市,温州市,120.904677,28.053325,绿驹电动车,浙江省,15167876687,绿驹
2019-09-09,瓯北罗浮大街43号,永嘉县,温州市,120.661812,28.042271,绿驹电动车(瓯北动力体验店),浙江省,13676770233,绿驹
2019-09-09,永中东路44号,龙湾区,温州市,120.832623,27.918686,绿驹电动车(龙湾旗舰店),浙江省,0577-86863983,绿驹
2019-09-09,龙港镇西一街415-419号,龙港市,温州市,120.542880,27.574164,绿驹电动车(龙港动力体验店),浙江省,0577-64225333,绿驹
2019-09-09,南市中路167号,鹿城区,温州市,120.509679,28.061018,鑫绿驹电动车,浙江省,13806547836,绿驹
2019-09-09,前岸路与秀浦路交叉口西北50米,瓯海区,温州市,120.599471,27.959311,鑫绿驹电动车,浙江省,无,绿驹
2019-09-09,新兴东路与青年路交叉口东100米,瑞安市,温州市,120.685812,27.774003,鑫绿驹电动车(新兴东路店),浙江省,15314833777,绿驹
2019-09-09,宋坡东路123附近,海盐县,嘉兴市,120.829532,30.571812,绿驹电动车,浙江省,13906832236,绿驹
2019-09-09,,桐乡市,嘉兴市,120.349736,30.580175,绿驹电动车,浙江省,无,绿驹
2019-09-09,前进路与101省道交叉口北150米中共许村镇前进村总支部委员会附近,海宁市,嘉兴市,120.326618,30.383335,绿驹电动车(前进动力体验店),浙江省,无,绿驹
2019-09-09,富民路与洪运路交叉口北50米,秀洲区,嘉兴市,120.656581,30.681811,绿驹电动车,浙江省,无,绿驹
2019-09-09,南鹿村新村路,嘉善县,嘉兴市,120.980295,30.934765,绿驹电动车(南鹿店),浙江省,13625832074,绿驹
2019-09-09,齐福路1046-1052号,桐乡市,嘉兴市,120.566808,30.653137,绿驹电动车桐乡动力体验店,浙江省,15721426022,绿驹
2019-09-09,崇福镇青年路6-1幢商528号,桐乡市,嘉兴市,120.443974,30.535291,绿驹电动车,浙江省,无,绿驹
2019-09-09,中山西路969号小永车行,桐乡市,嘉兴市,120.533559,30.639135,绿驹电动车,浙江省,无,绿驹
2019-09-09,齐福路1046-1052号,桐乡市,嘉兴市,120.566668,30.653128,绿驹电动车桐乡市齐福路1052号,浙江省,15721426022,绿驹
2019-09-09,永兴路488号,桐乡市,嘉兴市,120.557042,30.616831,绿驹电动车,浙江省,无,绿驹
2019-09-09,杨庙社区南星桥路62号,嘉善县,嘉兴市,120.826521,30.846600,绿驹电动车(大天线),浙江省,无,绿驹
2019-09-09,圩水路22号附近,平湖市,嘉兴市,121.119823,30.712994,绿驹电动车,浙江省,无,绿驹
2019-09-09,虹桥小区72号,嘉善县,嘉兴市,120.981336,30.886490,绿驹电动车(虹桥小区店),浙江省,无,绿驹
2019-09-09,汇泉路与纺工路交叉口东南200米,桐乡市,嘉兴市,120.504244,30.743540,绿驹电动车,浙江省,13857371634,绿驹
2019-09-09,丁栅社区新栅路246-248号,嘉善县,嘉兴市,120.947536,30.990771,绿驹电动车,浙江省,无,绿驹
2019-09-09,北虹路与雁荡路交叉口东南50米,秀洲区,嘉兴市,120.704090,30.881710,绿驹电动车(王江泾动力体验店),浙江省,无,绿驹
2019-09-09,广场路与镇中路交叉口西50米,海宁市,嘉兴市,120.641830,30.422205,绿驹电动车(丁桥动力体验店),浙江省,无,绿驹
2019-09-09,凯旋路463-465号,桐乡市,嘉兴市,120.626089,30.675511,绿驹电动车(濮院动力体验店),浙江省,13967380393,绿驹
2019-09-09,乍王线虹霓段与虹宾路交叉口西南50米,平湖市,嘉兴市,121.069866,30.650267,绿驹电动车(虹霓车行体验店),浙江省,0573-85256087,绿驹
2019-09-09,东方路776号,南湖区,嘉兴市,120.762691,30.779665,绿驹电动车(嘉兴动力体验店),浙江省,0573-82330104,绿驹
2019-09-09,新竹南路287号附近,南湖区,嘉兴市,120.905211,30.676861,小王车行绿驹专卖,浙江省,无,绿驹
2019-09-09,赵湾三路66号,吴兴区,湖州市,120.055947,30.890495,绿驹电动车,浙江省,13757203329,绿驹
2019-09-09,天子湖镇高禹街良泗路64号,安吉县,湖州市,119.644223,30.774889,绿驹电动车,浙江省,18768234888,绿驹
2019-09-09,珍贝路217号,吴兴区,湖州市,120.253860,30.862868,绿驹电瓶车(珍贝路),浙江省,无,绿驹
2019-09-09,泗安镇浙皖大道751号,长兴县,湖州市,119.658638,30.898946,绿驹电动车,浙江省,无,绿驹
2019-09-09,孝丰路与郭巨南路交叉口西北100米,安吉县,湖州市,119.559167,30.592111,绿驹电动车,浙江省,13857260208,绿驹
2019-09-09,仓前二街309号,长兴县,湖州市,119.912356,31.000201,绿驹电动车(长兴动力体验店),浙江省,0572-6043795,绿驹
2019-09-09,康泰西路与珍贝路交叉口东南50米,吴兴区,湖州市,120.253784,30.862930,绿驹电动车(珍贝路),浙江省,无,绿驹
2019-09-09,递铺镇浦源大道395号,安吉县,湖州市,119.686398,30.634839,绿驹电动车(浦源大道),浙江省,无,绿驹
2019-09-09,建设南路107号,吴兴区,湖州市,120.113289,30.852212,绿驹电动车(碧浪湖动力体验店),浙江省,13906724141,绿驹
2019-09-09,朝阳路与金菱路交叉口南100米,南浔区,湖州市,120.245803,30.674143,绿驹电动车(千金动力体验店),浙江省,无,绿驹
2019-09-09,杭垓镇吉华路6号,安吉县,湖州市,119.388106,30.572652,绿驹电动车,浙江省,15857265769,绿驹
2019-09-09,安华北路,柯桥区,绍兴市,120.498974,30.133846,绿驹电动车,浙江省,无,绿驹
2019-09-09,桃源路162号附近,嵊州市,绍兴市,120.723054,29.523438,绿驹电动车(甘霖店),浙江省,无,绿驹
2019-09-09,应镇南路与邮政路交叉口东北50米,诸暨市,绍兴市,120.118102,29.809798,绿驹电动车,浙江省,无,绿驹
2019-09-09,阳光路176号附近,新昌县,绍兴市,120.910712,29.499397,绿驹电动车,浙江省,无,绿驹
2019-09-09,站前路217西北90米,诸暨市,绍兴市,120.154040,29.597841,绿驹电动车,浙江省,13567578039,绿驹
2019-09-09,湖滨新村50号,嵊州市,绍兴市,120.834529,29.586235,绿驹电动车至臻名车馆,浙江省,无,绿驹
2019-09-09,富盛镇卫生院(吼山连接线西),越城区,绍兴市,120.729270,29.961040,绿驹电动车(林华车业动力体验店),浙江省,无,绿驹
2019-09-09,枫江路与309县道交叉口东50米,诸暨市,绍兴市,120.354925,29.852488,绿驹电动车,浙江省,无,绿驹
2019-09-09,兴越路1944号附近,柯桥区,绍兴市,120.487122,30.089214,绿驹电动车(兴越动力体验店),浙江省,无,绿驹
2019-09-09,直埠镇商业街,诸暨市,绍兴市,120.249283,29.826988,绿驹电动车,浙江省,13216768597,绿驹
2019-09-09,浦南二路109号,嵊州市,绍兴市,120.867825,29.631336,绿驹电动车店,浙江省,无,绿驹
2019-09-09,804县道南50米,嵊州市,绍兴市,120.705849,29.603031,绿驹电动车(崇仁体验店),浙江省,无,绿驹
2019-09-09,马鞍镇春华路777号,柯桥区,绍兴市,120.631648,30.152191,绿驹电动车,浙江省,无,绿驹
2019-09-09,羊山路12号附近,柯桥区,绍兴市,120.544855,30.114381,莹莹车业,浙江省,13587373018,绿驹
2019-09-09,局勤俭村凯豪宾馆2楼正北方向188米,柯桥区,绍兴市,120.526788,30.092479,绿驹电动车(越剑路店),浙江省,无,绿驹
2019-09-09,塔山路55号,上虞区,绍兴市,120.788146,29.864825,绿驹电动车行(汤浦海根动力体验馆),浙江省,13758528395,绿驹
2019-09-09,金庭村临江西路37号,嵊州市,绍兴市,121.029478,29.566087,海锋车行,浙江省,无,绿驹
2019-09-09,阮市镇临江北路18号,诸暨市,绍兴市,120.392314,29.874546,绿驹电动车纪林专卖,浙江省,无,绿驹
2019-09-09,东直街与814县道交叉口东南150米,嵊州市,绍兴市,120.923043,29.577785,绿驹电动车(黄泽店),浙江省,0575-83059899,绿驹
2019-09-09,王家井镇市南路135号,诸暨市,绍兴市,120.212249,29.630752,绿驹电动车专卖店,浙江省,无,绿驹
2019-09-09,枫桥镇步森大道274号,诸暨市,绍兴市,120.420135,29.792680,绿驹电动车,浙江省,无,绿驹
2019-09-09,平兴路与212省道交叉口西南50米,柯桥区,绍兴市,120.630590,29.893854,绿驹电动车(平水动力体验店),浙江省,无,绿驹
2019-09-09,人民中路14-16号,上虞区,绍兴市,120.885123,30.019858,绿驹电动车,浙江省,无,绿驹
2019-09-09,湖滨新村58号,嵊州市,绍兴市,120.834477,29.586165,绿驹电动车(京福线),浙江省,无,绿驹
2019-09-09,镇中街千客隆超市旁正南方向47米,柯桥区,绍兴市,120.680903,29.786815,绿驹电动车王坛斌兴动力体验馆,浙江省,无,绿驹
2019-09-09,环镇东路25号附近,嵊州市,绍兴市,120.614665,29.457531,绿驹电动车(长乐动力体验店),浙江省,13567592317,绿驹
2019-09-09,山下路与104国道交叉口南100米,嵊州市,绍兴市,120.851012,29.761908,绿驹电动车,浙江省,0575-83082766,绿驹
2019-09-09,官河路229-231号,嵊州市,绍兴市,120.825891,29.592191,绿驹电动车(嵊州动力体验店),浙江省,无,绿驹
2019-09-09,官河路231号,嵊州市,绍兴市,120.825821,29.592152,绿驹电动车(城中店),浙江省,0575-83037978;0575-83103008,绿驹
2019-09-09,建东东路与建东中路交叉口西50米,上虞区,绍兴市,120.820849,30.007337,绿驹电动车(东关动力体验店),浙江省,13606574946,绿驹
2019-09-09,崧厦镇新兴桥环城东路245号,上虞区,绍兴市,120.847143,30.090341,绿驹电动车(崧厦旗舰店),浙江省,无,绿驹
2019-09-09,解放路与雁南路交叉口东100米,诸暨市,绍兴市,120.356497,29.923361,绿驹电动车(店口专卖店),浙江省,无,绿驹
2019-09-09,福全路12号,柯桥区,绍兴市,120.534695,29.989574,华强绿驹电动车,浙江省,无,绿驹
2019-09-09,江北街道亭塘中街7号绿驹电动车,东阳市,金华市,120.236059,29.294383,绿驹电动车专卖店,浙江省,无,绿驹
2019-09-09,陈宅街72号,东阳市,金华市,120.244926,29.263309,绿驹电动车,浙江省,无,绿驹
2019-09-09,南市路173-1号,东阳市,金华市,120.234080,29.253511,绿驹电动车,浙江省,无,绿驹
2019-09-09,大联村中华南路68号,东阳市,金华市,120.238901,29.140949,绿驹电动车(大联动力体验店),浙江省,无,绿驹
2019-09-09,九铃东路3290号,永康市,金华市,120.041089,28.894577,绿驹电动车,浙江省,无,绿驹
2019-09-09,振兴西路29号附近,东阳市,金华市,120.213891,29.103600,绿驹电动车(南马动力体验店),浙江省,无,绿驹
2019-09-09,东殿巷与吴宁东路交叉口北100米,东阳市,金华市,120.236541,29.260993,绿驹电动车(影城体验店),浙江省,无,绿驹
2019-09-09,广福西街175号附近,东阳市,金华市,120.220285,29.302129,绿驹电动车(广福西街),浙江省,无,绿驹
2019-09-09,黄宅镇黄岩路23号,浦江县,金华市,120.003736,29.448873,绿驹电动车专卖店,浙江省,无,绿驹
2019-09-09,盘山东路52号,磐安县,金华市,120.567160,29.001220,绿驹电动车,浙江省,15988568556,绿驹
2019-09-09,湖溪镇新兴路23号,东阳市,金华市,120.393455,29.178112,绿驹电动车店,浙江省,无,绿驹
2019-09-09,白云街道下昆溪路13号,东阳市,金华市,120.164438,29.293393,绿驹电动车,浙江省,15958929166,绿驹
2019-09-09,城中街道兰溪门府上街2号,婺城区,金华市,119.651799,29.105057,绿驹电动车(新兰路店),浙江省,无,绿驹
2019-09-09,后宅街道城北路106号,义乌市,金华市,120.056301,29.373671,绿驹电动车(上洪车行),浙江省,13958499552,绿驹
2019-09-09,北苑街道季宅一区15幢,义乌市,金华市,120.034327,29.304145,绿驹电动车(黄杨梅路),浙江省,18957985800,绿驹
2019-09-09,横店镇华夏文化园附近,东阳市,金华市,120.285200,29.153778,绿驹电动车(华夏大道店),浙江省,无,绿驹
2019-09-09,横店镇下湖严缘和公寓,东阳市,金华市,120.267786,29.167792,绿驹电动车(缘和公寓店),浙江省,无,绿驹
2019-09-09,稠城街道荷叶塘凯旋北路53号,义乌市,金华市,120.117262,29.371973,绿驹电动车(义乌市交通事故急救站北),浙江省,无,绿驹
2019-09-09,艺海雅轩1幢2号(江北艺海北和甘溪东街交叉口红绿灯处),东阳市,金华市,120.250911,29.288133,绿驹电动车(甘溪东街),浙江省,无,绿驹
2019-09-09,苏溪镇好派路16-18号,义乌市,金华市,120.129439,29.406691,绿驹电动车,浙江省,0579-85919231,绿驹
2019-09-09,紫金北路55号,义乌市,金华市,120.137911,29.336095,绿驹电动车,浙江省,18072697952,绿驹
2019-09-09,东义路49号,东阳市,金华市,120.210139,29.274449,绿驹电动车(东阳动力体验店),浙江省,18267903600,绿驹
2019-09-09,画水镇黄田畈顺达路1号剑峰车行,东阳市,金华市,120.147408,29.161067,绿驹电动车,浙江省,无,绿驹
2019-09-09,灵洞乡农村合作银行东南,兰溪市,金华市,119.512776,29.188010,绿驹电动车,浙江省,0579-83881018,绿驹
2019-09-09,壶厅东路76号,磐安县,金华市,120.445812,29.048764,绿驹电动车,浙江省,0579-84883199,绿驹
2019-09-09,九铃东路3290号,永康市,金华市,120.040955,28.894487,跃强电动(九铃东路店),浙江省,0579-87380776,绿驹
2019-09-09,唐先东街98号附近,永康市,金华市,120.124651,29.028017,绿驹电动车(唐先店),浙江省,无,绿驹
2019-09-09,313省道东50米,金东区,金华市,119.705747,29.078295,绿驹电动车(十二里店),浙江省,无,绿驹
2019-09-09,白龙桥镇金龙路232号(老兰溪路),婺城区,金华市,119.550833,29.074285,绿驹电动车(白龙桥店),浙江省,无,绿驹
2019-09-09,人民北路17号附近,东阳市,金华市,120.215592,29.105861,绿驹电动车(南马旗舰店),浙江省,0579-86292905,绿驹
2019-09-09,巍山镇工人路信用社斜对面,东阳市,金华市,120.437759,29.322408,绿驹电动车,浙江省,无,绿驹
2019-09-09,芙峰街419号,婺城区,金华市,119.655335,29.122443,绿驹电动车(芙峰街店),浙江省,无,绿驹
2019-09-09,徐巍线与310省道交叉口东100米,东阳市,金华市,120.333758,29.273986,绿驹电动车(李宅专卖店),浙江省,无,绿驹
2019-09-09,大兴北街23号,东阳市,金华市,120.333573,29.299961,绿驹电动车(六石旗舰店),浙江省,0579-86852005,绿驹
2019-09-09,丹溪大道40号,兰溪市,金华市,119.459644,29.211992,绿驹电动车(兰溪动力体验店),浙江省,0579-83106861,绿驹
2019-09-09,S218(十里街),东阳市,金华市,120.276626,29.177948,鑫绿驹电动车,浙江省,15924222638,绿驹
2019-09-09,度假村路53号,东阳市,金华市,120.320871,29.146148,馨绿驹电动车,浙江省,13216210281,绿驹
2019-09-09,芳村镇联鑫路杨伟君诊所对面,常山县,衢州市,118.615200,29.052303,绿驹电动车,浙江省,无,绿驹
2019-09-09,景星路与解放南路交叉口东北50米,江山市,衢州市,118.620843,28.720491,江山市绿驹电动车专卖店,浙江省,无,绿驹
2019-09-09,万和豪生大酒店(墩贺线北),江山市,衢州市,118.533318,28.668119,绿驹电动车,浙江省,0570-4385533,绿驹
2019-09-09,城关镇芹南路15号,开化县,衢州市,118.404715,29.130909,绿驹电动车,浙江省,无,绿驹
2019-09-09,贺村镇淤头村淤达路5号,江山市,衢州市,118.505249,28.619988,绿驹电动车专卖店,浙江省,0570-4770502,绿驹
2019-09-09,文峰东路83号1-3,常山县,衢州市,118.524129,28.898455,凌飞车行,浙江省,13587118086,绿驹
2019-09-09,万和豪生大酒店(墩贺线北),江山市,衢州市,118.533806,28.668338,龙飞车行(贺丰路),浙江省,0570-4385533,绿驹
2019-09-09,华埠镇解放路177号中友电子,开化县,衢州市,118.353232,29.012441,绿驹电动车(华埠站),浙江省,无,绿驹
2019-09-09,航埠镇大桥支路33号,柯城区,衢州市,118.778139,28.937302,绿驹电动车(航埠动力体验店),浙江省,无,绿驹
2019-09-09,新桥路469-9号至10号,定海区,舟山市,122.128610,30.016472,绿驹电动车,浙江省,无,绿驹
2019-09-09,兴海路南50米,普陀区,舟山市,122.243623,29.965647,绿驹电动车,浙江省,无,绿驹
2019-09-09,灵秀街78号(东港中学对面),普陀区,舟山市,122.315979,29.958199,绿驹电动车,浙江省,无,绿驹
2019-09-09,三益路与新益路交叉口东北50米,普陀区,舟山市,122.244634,29.973830,绿驹电动车,浙江省,无,绿驹
2019-09-09,沈家门东海中路679号,普陀区,舟山市,122.285834,29.944320,绿驹电动车(东海中路店),浙江省,无,绿驹
2019-09-09,高亭镇沿港西路88号,岱山县,舟山市,122.196595,30.245360,绿驹电动车,浙江省,无,绿驹
2019-09-09,勾山街道72号,普陀区,舟山市,122.246726,29.975410,绿驹电动车,浙江省,无,绿驹
2019-09-09,六横镇台门台兴路93号,普陀区,舟山市,122.194092,29.697357,绿驹电动车(台沙线),浙江省,无,绿驹
2019-09-09,东海路256号,普陀区,舟山市,122.121086,29.742863,绿驹电动车(六横店),浙江省,13735033978,绿驹
2019-09-09,金塘镇山潭南街78号,定海区,舟山市,121.881104,30.041015,绿驹电动车(金塘店),浙江省,0580-8590378;13105807008,绿驹
2019-09-09,,温岭市,台州市,121.520901,28.474929,绿驹电动车,浙江省,无,绿驹
2019-09-09,泉井洋路59号附近,临海市,台州市,121.126402,28.850786,绿驹电动车,浙江省,13586112327,绿驹
2019-09-09,新淋东路与324省道交叉口西150米,温岭市,台州市,121.569867,28.343148,绿驹电动车(淋川动力体验店),浙江省,无,绿驹
2019-09-09,横淋线城东街道鸡鸣村第五幢东起第1-2店,温岭市,台州市,121.398660,28.415294,绿驹电动车(鸡鸣店),浙江省,无,绿驹
2019-09-09,清港镇迎宾路226号绿驹电动车,玉环市,台州市,121.279353,28.247890,绿驹电动车清港动力体验店,浙江省,13456674865;18968473848,绿驹
2019-09-09,小东岙村103号村部前面,温岭市,台州市,121.420246,28.322978,绿驹电瓶车店,浙江省,无,绿驹
2019-09-09,坞根镇洋呈村311号,温岭市,台州市,121.268904,28.312846,坞根绿驹电动车专卖店,浙江省,无,绿驹
2019-09-09,桐屿街道桐新路51号,路桥区,台州市,121.335017,28.589662,绿驹电动车(桐新路店),浙江省,无,绿驹
2019-09-09,水云北路与水云南路交叉口东50米,临海市,台州市,121.154585,28.854863,绿驹电动车(临海动力体验店),浙江省,无,绿驹
2019-09-09,南新街与山西街交叉口西北50米,温岭市,台州市,121.455511,28.471213,绿驹电动车,浙江省,0576-86531111,绿驹
2019-09-09,新前街道屿下街22号,黄岩区,台州市,121.216562,28.673186,绿驹电动车(屿下店),浙江省,无,绿驹
2019-09-09,大石路与育英路交叉口东南50米,温岭市,台州市,121.257846,28.467696,绿驹电动车(大溪直营店),浙江省,无,绿驹
2019-09-09,宁溪镇钟楼路62号,黄岩区,台州市,120.974875,28.587584,绿驹电动车,浙江省,13566822621,绿驹
2019-09-09,头陀镇西沅路36号,黄岩区,台州市,121.146446,28.626120,绿驹电动车,浙江省,13185651162,绿驹
2019-09-09,城西街道万昌西路809号,温岭市,台州市,121.352530,28.380325,绿驹电动车(城西动力体验店),浙江省,13958647881,绿驹
2019-09-09,环城南路217、221号,临海市,台州市,121.498972,28.758884,绿驹电动车(杜桥动力体验店),浙江省,无,绿驹
2019-09-09,柏叶西路13号,临海市,台州市,121.138141,28.849741,绿驹电动车(临海专卖店),浙江省,0576-85288670;0576-85136715,绿驹
2019-09-09,文明街13号附近,临海市,台州市,121.239843,28.740495,绿驹电动车,浙江省,13606659986,绿驹
2019-09-09,二环路64号,温岭市,台州市,121.351622,28.455166,绿驹电动车(牧屿直营店),浙江省,13958612670,绿驹
2019-09-09,下各镇邮电局旁,仙居县,台州市,120.859204,28.859078,绿驹电动车(下各动力体验店),浙江省,无,绿驹
2019-09-09,下各穿镇路235号正西方向18米,仙居县,台州市,120.857884,28.858782,天福车行,浙江省,无,绿驹
2019-09-09,金清镇金港西路53号,路桥区,台州市,121.525597,28.500050,绿驹电动车(金清动力体验店),浙江省,无,绿驹
2019-09-09,新蓬南路67-73号,路桥区,台州市,121.485786,28.549785,绿驹电动车,浙江省,无,绿驹
2019-09-09,山前路与104国道交叉口西南方向100米,路桥区,台州市,121.377394,28.534892,绿驹电动车(峰江动力体验店),浙江省,13958524957,绿驹
2019-09-09,石粘路216号,温岭市,台州市,121.379934,28.436623,绿驹电动车(石粘动力体验店),浙江省,13486845931,绿驹
2019-09-09,温峤镇开元南路35号,温岭市,台州市,121.308943,28.383458,绿驹电动车(温大线店),浙江省,无,绿驹
2019-09-09,新兴街1-12号,三门县,台州市,121.370822,29.114161,绿驹电动车(三门动力体验店),浙江省,无,绿驹
2019-09-09,大桥路120号-1附近,临海市,台州市,121.124065,28.841703,绿驹电动车(大桥路店),浙江省,无,绿驹
2019-09-09,大麦屿兴港东路38号,玉环市,台州市,121.168184,28.093641,绿驹电动车(大麦屿专卖店),浙江省,13706866780,绿驹
2019-09-09,市南兴东路63-75号,玉环市,台州市,121.301510,28.212567,绿驹电动车(楚门旗舰店),浙江省,0576-87419965,绿驹
2019-09-09,宝瓷路世纪华联西100米,温岭市,台州市,121.337314,28.432298,绿驹电动车(横峰直营店),浙江省,无,绿驹
2019-09-09,人民西路南170号附近,温岭市,台州市,121.521846,28.394072,绿驹电动车,浙江省,无,绿驹
2019-09-09,中源路和横淋线交叉口附近,温岭市,台州市,121.489700,28.434630,绿驹电动车,浙江省,0576-86578218,绿驹
2019-09-09,城东街道锦屏大道8号新开河富日大酒店斜对面,温岭市,台州市,121.391171,28.394847,绿驹电动车(温岭4S销售中心店),浙江省,0576-86011289,绿驹
2019-09-09,杜岐供销社斜对面,临海市,台州市,121.303965,28.698782,绿驹电动车(杜歧专卖店),浙江省,无,绿驹
2019-09-09,81省道前林村村民委员会附近,温岭市,台州市,121.458649,28.349490,绿驹电动车(石桥头专卖店),浙江省,15857618238,绿驹
2019-09-09,322省道和西一路的交叉口附近,仙居县,台州市,120.470108,28.736055,绿驹电动车(横溪旗舰店),浙江省,无,绿驹
2019-09-09,云西路41-43号,椒江区,台州市,121.431623,28.666901,绿驹电动车(椒江动力体验店),浙江省,13905761636,绿驹
2019-09-09,上清溪路202号,天台县,台州市,121.015470,29.142510,绿驹电动车(天台专卖店),浙江省,0576-89353222,绿驹
2019-09-09,文化路125附近,温岭市,台州市,121.600855,28.343177,绿驹电动车(文化路店),浙江省,15868616366,绿驹
2019-09-09,三甲鸿三路95号附近,椒江区,台州市,121.481984,28.610337,绿驹电动车(椒金线店),浙江省,无,绿驹
2019-09-09,泽国镇杭温北路,温岭市,台州市,121.361554,28.511856,绿驹电动车(虎山路),浙江省,无,绿驹
2019-09-09,里王路58号,路桥区,台州市,121.377144,28.576925,绿驹电动车(路桥动力体验店),浙江省,无,绿驹
2019-09-09,东塍镇盛达路88号,临海市,台州市,121.269705,28.922759,绿驹电动车(东塍镇专卖店),浙江省,0576-85461953;13819622761,绿驹
2019-09-09,三合镇三合路138,天台县,台州市,121.170996,29.079331,绿驹电动车专卖(天高线),浙江省,0576-83086876,绿驹
2019-09-09,小芝镇虎山路116号,临海市,台州市,121.455166,28.851080,绿驹电动车(小芝镇小芝社区卫生服务站西南),浙江省,13666470977,绿驹
2019-09-09,东辉中路270-280号,温岭市,台州市,121.375935,28.363593,绿驹电动车(温岭店),浙江省,0576-86120334,绿驹
2019-09-09,洪三路190号,椒江区,台州市,121.416450,28.610869,绿驹电动车(洪家动力体验店),浙江省,13185679925,绿驹
2019-09-09,城北西路21号,仙居县,台州市,120.734980,28.857698,绿驹电动车(仙居店),浙江省,无,绿驹
2019-09-09,锦屏大道(温岭市城东街道卫生院南),温岭市,台州市,121.382310,28.414200,绿驹电动车,浙江省,无,绿驹
2019-09-09,温中西路125附近,青田县,丽水市,120.379909,28.148559,绿驹电动车温溪动力体验店,浙江省,无,绿驹
2019-09-09,延庆路西50米,龙泉市,丽水市,118.976250,27.817910,绿驹电动车(小梅专卖店),浙江省,无,绿驹
2019-09-09,凯恩路68号,遂昌县,丽水市,119.277394,28.589648,久久车行(青云路),浙江省,无,绿驹
2019-09-09,鹤溪街道复兴西路30号,景宁畲族自治县,丽水市,119.634115,27.976616,绿驹售后服务,浙江省,无,绿驹
2019-09-09,连直线东亭村综合大楼南200米,遂昌县,丽水市,119.387135,28.640675,绿驹电动车(云峰旗舰店),浙江省,13575381007,绿驹
2019-09-09,延庆路西50米,龙泉市,丽水市,118.976250,27.817911,良飞车行,浙江省,0578-7342172,绿驹
2019-09-09,下湾村B1幢1单元,龙泉市,丽水市,119.126922,28.067067,绿驹电动车(龙泉小康4S店),浙江省,无,绿驹
2019-09-09,中山路与爱民路交叉口西北50米,云和县,丽水市,119.564411,28.110371,绿驹电动车(云和动力体验店),浙江省,无,绿驹
2019-09-09,新白线与222省道交叉口西北200米,遂昌县,丽水市,119.254114,28.701107,先骑车行,浙江省,无,绿驹
2019-09-09,安定东路5号附近,青田县,丽水市,120.387610,28.155945,绿驹电动车,浙江省,13367099581,绿驹
2019-09-09,新华路8-3号,松阳县,丽水市,119.483019,28.455647,绿驹电动车(新华路店),浙江省,13967087128,绿驹
2019-09-09,八砩段与53省道交叉口东200米,龙泉市,丽水市,118.938561,27.975780,绿驹电动车(八都镇店),浙江省,0578-7131668,绿驹
2019-09-09,复兴西路30号,景宁畲族自治县,丽水市,119.634211,27.976589,绿驹电动车(景宁动力体验店),浙江省,13587199078,绿驹
2019-09-09,电力路与迎晖路交叉口东北150米,缙云县,丽水市,120.077856,28.648726,绿驹电动车(缙云动力体验店),浙江省,0578-3322058,绿驹
2019-09-09,新安东路15号东南100米,龙泉市,丽水市,118.938623,27.975757,建森车行,浙江省,0578-7131668,绿驹
2019-09-09,凯恩路68号(近青云路),遂昌县,丽水市,119.277341,28.589615,绿驹电动车(遂昌旗舰店),浙江省,无,绿驹
2019-09-09,解放街339号,莲都区,丽水市,119.925761,28.447252,绿驹电动车(丽水动力体验店),浙江省,0578-2138939,绿驹
2019-09-09,229省道与55省道交叉口东150米,庆元县,丽水市,118.965712,27.602010,绿驹电动车(菊水动力体验店),浙江省,0578-6136677;15857882321,绿驹
2019-09-09,巢湖路338号附近,巢湖市,合肥市,117.875116,31.604308,绿驹电动车,安徽省,无,绿驹
2019-09-09,,镜湖区,芜湖市,118.435000,31.180592,绿驹电动车,安徽省,无,绿驹
2019-09-09,乌霞路与秋浦大道交叉口西北50米,南陵县,芜湖市,118.323023,30.917984,绿驹电动车,安徽省,无,绿驹
2019-09-09,曲坊路与环城南路交叉口东南50米,芜湖县,芜湖市,118.578147,31.141654,绿驹电动车(金鹏三轮车),安徽省,无,绿驹
2019-09-09,东风路127号附近,固镇县,蚌埠市,117.324875,33.323868,绿驹电动车,安徽省,无,绿驹
2019-09-09,017县道与138乡道交叉口东北150米,固镇县,蚌埠市,117.469317,33.099526,绿驹电动车专卖店,安徽省,13955260094,绿驹
2019-09-09,046县道与307省道交叉口东南200米,怀远县,蚌埠市,116.880988,33.103426,绿驹电动车(龙亢农场动力体验店),安徽省,无,绿驹
2019-09-09,淮河路46号,龙子湖区,蚌埠市,117.391676,32.942443,绿驹电动车,安徽省,无,绿驹
2019-09-09,001乡道东50米,潘集区,淮南市,116.993215,32.711973,绿驹电动车,安徽省,无,绿驹
2019-09-09,红旗北路与育才路交叉口东南50米,雨山区,马鞍山市,118.489910,31.689222,绿驹电动车,安徽省,无,绿驹
2019-09-09,慈湖河路与马濮路交叉口西100米,花山区,马鞍山市,118.531909,31.692367,绿驹电动车厂家直营店,安徽省,无,绿驹
2019-09-09,305省道西50米,濉溪县,淮北市,116.878686,33.496844,绿驹电动车,安徽省,无,绿驹
2019-09-09,029县道与103省道交叉口西南50米,郊区,铜陵市,117.624585,30.859750,美羚绿驹电动车,安徽省,无,绿驹
2019-09-09,孚玉镇富康路114号,宿松县,安庆市,116.121628,30.162698,大运电动车(富康路),安徽省,15212900681,绿驹
2019-09-09,文峰南路与阊林路交叉口南50米,祁门县,黄山市,117.715044,29.849915,绿驹电动车(祁门动力体验店),安徽省,无,绿驹
2019-09-09,307省道南200米,凤阳县,滁州市,117.699634,32.902236,绿驹电动车,安徽省,19955011089,绿驹
2019-09-09,插胡路,颍东区,阜阳市,115.962603,33.002619,绿驹电动车,安徽省,无,绿驹
2019-09-09,024县道与027县道交叉口南150米,颍东区,阜阳市,115.962590,33.001596,绿驹电动车插花专卖店,安徽省,无,绿驹
2019-09-09,G106(京广线),临泉县,阜阳市,114.917409,32.978720,绿驹电动车,安徽省,无,绿驹
2019-09-09,011乡道与102省道交叉口东150米,临泉县,阜阳市,115.049105,33.073617,绿驹电动车,安徽省,无,绿驹
2019-09-09,064县道东150米,临泉县,阜阳市,114.989778,33.029742,绿驹电动车韩建伟专卖店,安徽省,无,绿驹
2019-09-09,011乡道东50米,临泉县,阜阳市,115.041940,33.020932,绿驹电动车庞营专卖店,安徽省,无,绿驹
2019-09-09,解放北大街中段东侧正东方向29米,临泉县,阜阳市,115.254716,33.063403,绿驹电动车(吉祥教苑南),安徽省,无,绿驹
2019-09-09,星泉路与灵磬路交叉口东100米,埇桥区,宿州市,116.975401,33.683629,绿驹电动车,安徽省,无,绿驹
2019-09-09,G206(烟汕线),埇桥区,宿州市,117.030549,33.433199,绿驹电动车,安徽省,无,绿驹
2019-09-09,095乡道南50米,埇桥区,宿州市,117.332433,33.777381,绿驹电动车,安徽省,18726230978,绿驹
2019-09-09,,金安区,六安市,116.606826,31.718875,绿驹电动车,安徽省,无,绿驹
2019-09-09,观山路东50米,叶集区,六安市,115.918265,31.863439,绿驹电动车,安徽省,18356414448;18356416445,绿驹
2019-09-09,金华路与034乡道交叉口西150米,裕安区,六安市,116.316523,32.008862,绿驹电动车,安徽省,无,绿驹
2019-09-09,叶集区镇区街道金天地商贸城,叶集区,六安市,115.918152,31.863609,绿驹电瓶车专卖店,安徽省,无,绿驹
2019-09-09,经济开发区国际汽车城B1-31号,金安区,六安市,116.570613,31.759514,绿驹电动车(皖西大道店),安徽省,无,绿驹
2019-09-09,中国邮政南50米(皖西大道北),金安区,六安市,116.639728,31.766258,绿驹电动车(皖西大道辅路店),安徽省,无,绿驹
2019-09-09,052县道与305省道交叉口南150米,利辛县,亳州市,116.354209,33.202344,绿驹电动车,安徽省,无,绿驹
2019-09-09,城关镇青年路老转盘北30米路西,利辛县,亳州市,116.198595,33.144517,绿驹电动车利辛动力体验店,安徽省,15156797373,绿驹
2019-09-09,水晶郦城小区北门亳州市住房公积金管理中心利辛县管理部附近,利辛县,亳州市,116.209390,33.156312,绿驹电动车,安徽省,无,绿驹
2019-09-09,221乡道西100米,利辛县,亳州市,116.319326,33.008467,绿驹电动车,安徽省,18256733322,绿驹
2019-09-09,308省道北50米,利辛县,亳州市,115.960130,33.321245,绿驹电动车,安徽省,18355944329,绿驹
2019-09-09,城西镇金桂山庄向西300米路南,涡阳县,亳州市,116.182648,33.514398,电动车维修-绿驹电动车专卖,安徽省,15956722006,绿驹
2019-09-09,048县道与104乡道交叉口北100米,利辛县,亳州市,116.135338,33.085185,绿驹电动车,安徽省,15555270890,绿驹
2019-09-09,城东镇六联中学对面,涡阳县,亳州市,116.241056,33.479095,绿驹电动车涡阳动力体验店,安徽省,18356718922,绿驹
2019-09-09,048县道与050县道交叉口西150米,利辛县,亳州市,116.070152,33.175478,绿驹电动车,安徽省,无,绿驹
2019-09-09,021县道东50米,涡阳县,亳州市,116.318081,33.459504,红飞车行,安徽省,18326796052,绿驹
2019-09-09,临城北路103号附近,青阳县,池州市,117.849863,30.640959,绿驹电动车,安徽省,无,绿驹
2019-09-09,尧渡镇梅林东苑齿轮厂对面,东至县,池州市,117.031619,30.101400,绿驹电动车(东至旗舰店),安徽省,15256663750,绿驹
2019-09-09,三台路天地商业广场,贵池区,池州市,117.474390,30.653868,绿驹电动车(石台路店),安徽省,0566-2030621,绿驹
2019-09-09,梓潼路68号东北70米,绩溪县,宣城市,118.597771,30.066572,绿驹电动车,安徽省,无,绿驹
2019-09-09,,闽侯县,福州市,119.158826,26.143747,绿驹电动车,福建省,无,绿驹
2019-09-09,,晋安区,福州市,119.298649,26.121678,绿驹电动车,福建省,无,绿驹
2019-09-09,,仓山区,福州市,119.309848,26.028867,绿驹电动车,福建省,无,绿驹
2019-09-09,红山东路,平潭县,福州市,119.794307,25.507129,绿驹电动车,福建省,无,绿驹
2019-09-09,十洋街39-16号附近,长乐区,福州市,119.521913,25.962298,绿驹电动车,福建省,无,绿驹
2019-09-09,工贸路与新尚路交叉口西北100米,闽侯县,福州市,119.201761,26.075863,绿驹电动车,福建省,无,绿驹
2019-09-09,建新镇金山大道418号汇创名居1期小区20号楼03店,仓山区,福州市,119.254649,26.052397,绿驹电动车,福建省,无,绿驹
2019-09-09,鹭岭路南台新苑紫竹园1-2号楼一层03店面,仓山区,福州市,119.293757,26.033261,绿驹电动车店,福建省,18965058896,绿驹
2019-09-09,北前亭鱼人网吧楼下,福清市,福州市,119.342997,25.716141,绿驹电动车店,福建省,无,绿驹
2019-09-09,华林御景59号店面,罗源县,福州市,119.557990,26.484574,绿驹电动车专卖店,福建省,18859189866,绿驹
2019-09-09,国货西路75号附近,台江区,福州市,119.308778,26.063522,绿驹电动车,福建省,13905915485,绿驹
2019-09-09,,闽侯县,福州市,119.165101,26.067223,绿驹电动车(超山店),福建省,无,绿驹
2019-09-09,,荔城区,莆田市,119.029204,25.457556,绿驹电动车,福建省,无,绿驹
2019-09-09,秀港西大道与306省道交叉口东北150米,秀屿区,莆田市,118.995457,25.223314,绿驹电动车行,福建省,无,绿驹
2019-09-09,兴美街与201省道交叉口东南50米,荔城区,莆田市,119.085485,25.377917,绿驹电动车,福建省,无,绿驹
2019-09-09,湄洲岛莲池村湄洲大道207号东北方向64米,秀屿区,莆田市,119.130475,25.080961,绿驹电动车(荔山飞达专卖店),福建省,13015976286,绿驹
2019-09-09,尚德西路北高卫生院斜对面,荔城区,莆田市,119.144648,25.339804,亚阳车行,福建省,15375982871,绿驹
2019-09-09,埭笏线与214县道交叉口西北150米,秀屿区,莆田市,119.100635,25.309916,绿驹电动车,福建省,13859807419,绿驹
2019-09-09,镇海街梅园东路湖岸路277弄798号,荔城区,莆田市,119.020607,25.432748,绿驹电动车,福建省,0594-2298338,绿驹
2019-09-09,螺城镇建设南路399号东南大酒店绿驹电动车行,惠安县,泉州市,118.795943,25.022047,绿驹电动车,福建省,无,绿驹
2019-09-09,惠泉北路与324国道交叉口西南100米,惠安县,泉州市,118.816730,25.058910,绿驹电动车,福建省,无,绿驹
2019-09-09,322县道西50米,晋江市,泉州市,118.508744,24.622246,绿驹电动车,福建省,无,绿驹
2019-09-09,辋川镇华总财富广场绿驹电动车,惠安县,泉州市,118.853403,25.073801,惠安县辋川绿驹电动车专卖店,福建省,13400869104,绿驹
2019-09-09,溪美街395-397号,南安市,泉州市,118.382285,24.964443,绿骄电动车专营店,福建省,13859762248,绿驹
2019-09-09,美林街道溪口水闸银行对面,南安市,泉州市,118.362019,24.992844,溪口绿驹电动车行,福建省,无,绿驹
2019-09-09,洪厝篮巷与建设北街交叉口西50米,惠安县,泉州市,118.805391,25.041370,绿驹电动车,福建省,无,绿驹
2019-09-09,泉二中路663号东南70米,泉港区,泉州市,118.927517,25.133107,绿驹电动车(祥云南路店),福建省,15860595976,绿驹
2019-09-09,拥军路与324国道交叉口东50米,泉港区,泉州市,118.812959,25.121567,绿驹电动车,福建省,无,绿驹
2019-09-09,溪美镇镇山村工业路126号,南安市,泉州市,118.339951,25.003286,绿驹电动车,福建省,无,绿驹
2019-09-09,仑苍街与南北大道交叉口东北150米,南安市,泉州市,118.287733,25.008316,绿驹电动车(仑苍专卖店),福建省,15980023063;15159708037,绿驹
2019-09-09,宝岛东路与濠江路交叉口东50米,石狮市,泉州市,118.657111,24.740307,绿驹电动车(宝盖店),福建省,无,绿驹
2019-09-09,云漳路525号,云霄县,漳州市,117.339942,23.943138,绿驹电动车,福建省,0596-8587508,绿驹
2019-09-09,丹霞路128-37号,芗城区,漳州市,117.671966,24.512611,绿驹电动车(漳州旗舰店),福建省,无,绿驹
2019-09-09,熙春东路459号7附近,邵武市,南平市,117.496662,27.332124,绿驹电动车,福建省,无,绿驹
2019-09-09,滨江东路659-661号附近,延平区,南平市,118.182977,26.643876,绿驹电动车(江滨中路),福建省,0599-8676329,绿驹
2019-09-09,坪山路2号,光泽县,南平市,117.344576,27.549342,绿驹电动车,福建省,无,绿驹
2019-09-09,南佳大酒店东50米(武夷大道),武夷山市,南平市,118.034328,27.749530,绿驹电动车,福建省,18960602005,绿驹
2019-09-09,三姑街86号附近,武夷山市,南平市,117.979384,27.645644,绿驹电动车,福建省,无,绿驹
2019-09-09,交警公寓,建阳区,南平市,118.129483,27.335105,绿驹电动车(交警公寓店),福建省,无,绿驹
2019-09-09,解放路369号(建瓯市动物检疫站东南),建瓯市,南平市,118.319899,27.032862,绿驹电动车(建瓯动力体验店),福建省,13850984179,绿驹
2019-09-09,和平中路429号附近,漳平市,龙岩市,117.420363,25.298053,绿驹电动车,福建省,无,绿驹
2019-09-09,,福鼎市,宁德市,120.213844,27.340134,绿驹电动车,福建省,无,绿驹
2019-09-09,侨兴路与富春路交叉口西北50米,蕉城区,宁德市,119.540972,26.648297,绿驹电动车,福建省,0593-2369866,绿驹
2019-09-09,长溪路海滨花园5号楼A区112,霞浦县,宁德市,120.018009,26.890690,绿驹电动车(海滨花园店),福建省,无,绿驹
2019-09-09,鳌阳镇胜利街190号,寿宁县,宁德市,119.501492,27.463440,绿驹电动车店,福建省,无,绿驹
2019-09-09,海通路26-30号附近,福鼎市,宁德市,120.217887,27.314972,绿驹电动车,福建省,无,绿驹
2019-09-09,永安东路与虹桥北路交叉口西北50米,福安市,宁德市,119.678796,26.967019,绿驹电动车(永安西路),福建省,无,绿驹
2019-09-09,城西街道六一四路龙景佳园A座第十九号(金田佳园东),古田县,宁德市,118.741742,26.573726,绿驹电动车(古田店),福建省,无,绿驹
2019-09-09,蕉光荣路与八一五东路交叉口西150米,蕉城区,宁德市,119.534088,26.661418,绿驹电动车(东湖路),福建省,无,绿驹
2019-09-09,狮城镇西街241号,周宁县,宁德市,119.332797,27.108988,绿驹电动车(周宁专卖店),福建省,0593-5661965;15160192159,绿驹
2019-09-09,三角坪,寿宁县,宁德市,119.497173,27.466392,绿驹电动车(胜利街),福建省,无,绿驹
2019-09-09,团结北路与站前西路交叉口东北50米,南昌县,南昌市,115.942483,28.549131,绿驹电动车,江西省,15270868711,绿驹
2019-09-09,三江大道328号附近,南昌县,南昌市,116.003414,28.294626,绿驹电动车,江西省,13870940850,绿驹
2019-09-09,南门路与和平路交叉口东150米,安义县,南昌市,115.548872,28.839730,绿驹电动车(安义县专营店),江西省,无,绿驹
2019-09-09,新厂西路,珠山区,景德镇市,117.229069,29.292149,绿驹电动车,江西省,无,绿驹
2019-09-09,洪源街西50米,浮梁县,景德镇市,117.147682,29.321015,绿驹电动车,江西省,无,绿驹
2019-09-09,洎阳北路458号大浪淘沙斜对面,乐平市,景德镇市,117.136791,28.986816,绿驹电动车,江西省,无,绿驹
2019-09-09,308省道正宗兰州牛肉拉面旁,浮梁县,景德镇市,117.318006,29.323730,绿驹车行,江西省,15179811042,绿驹
2019-09-09,西路378号,珠山区,景德镇市,117.211512,29.308212,绿驹电动车,江西省,13767830155,绿驹
2019-09-09,三贤街与民福路交叉口东100米,浮梁县,景德镇市,117.221256,29.345835,绿驹电动车,江西省,无,绿驹
2019-09-09,洪源镇金氏正骨医院斜对面,浮梁县,景德镇市,117.156821,29.314938,绿驹电动车,江西省,无,绿驹
2019-09-09,浮梁镇新昌北路12号,浮梁县,景德镇市,117.215910,29.352963,绿驹电动车(大坤车行),江西省,13687983009,绿驹
2019-09-09,市瓷都大道666号,昌江区,景德镇市,117.191970,29.282145,绿驹电动车(瓷都大道店),江西省,无,绿驹
2019-09-09,广场北路与莲花山路交叉口西50米,珠山区,景德镇市,117.219787,29.302706,绿驹电动车(新德园专卖店),江西省,13387981886,绿驹
2019-09-09,太白园街道中华南路465号,珠山区,景德镇市,117.211782,29.281449,绿驹电动车,江西省,15079826451,绿驹
2019-09-09,茶山路10号,昌江区,景德镇市,117.193423,29.294640,绿驹电动车,江西省,15079802712,绿驹
2019-09-09,里村街道马鞍山路52号,珠山区,景德镇市,117.219409,29.291227,绿驹电动车(马鞍山路店),江西省,18907985581,绿驹
2019-09-09,瓷都大道678号(近鱼山地税分局),昌江区,景德镇市,117.177372,29.267895,绿驹电动车(景德镇店),江西省,18907985581,绿驹
2019-09-09,昌西路19号附近,昌江区,景德镇市,117.202000,29.276864,小姜绿驹电动车,江西省,13767910906,绿驹
2019-09-09,涌山镇迎宾路绿驹小刀电动车店,乐平市,景德镇市,117.322969,29.146620,涌山绿驹电动车店,江西省,13133893442,绿驹
2019-09-09,苏山乡笫二开发区,都昌县,九江市,116.209863,29.495205,绿驹电动车,江西省,无,绿驹
2019-09-09,共青大道茶山迎宾馆宿舍楼,共青城市,九江市,115.808044,29.248960,绿驹电动车金彭三轮车,江西省,无,绿驹
2019-09-09,景湖南路88号,都昌县,九江市,116.402183,29.476632,绿驹电动车(蔡岭专卖店),江西省,13979289132,绿驹
2019-09-09,星庐巷与秀峰大道交叉口西北100米,庐山市,九江市,116.048674,29.455515,绿驹电动车(星子动力体验店),江西省,0792-2665326,绿驹
2019-09-09,瀼溪东路456号附近,瑞昌市,九江市,115.671088,29.673153,聚杰金驹电动四轮车,江西省,15079268069,绿驹
2019-09-09,仁义路与211县道交叉口东北100米大桥车站附近,修水县,九江市,114.111725,28.952975,绿驹电动车(大桥动力体验店),江西省,18379266606,绿驹
2019-09-09,冷水西路与土城路四支巷交叉口东南100米,柴桑区,九江市,115.886224,29.604547,绿驹电动车(九江县动力体验店),江西省,0792-6817836,绿驹
2019-09-09,三都地税局,修水县,九江市,114.687198,29.169907,绿驹电动车,江西省,无,绿驹
2019-09-09,红街与虬上路交叉口东100米,永修县,九江市,115.823120,29.007820,星火小区绿驹电动车小徐车行,江西省,13133652270,绿驹
2019-09-09,北峰路103号附近,共青城市,九江市,115.808257,29.250535,绿驹电动车(共青城店),江西省,无,绿驹
2019-09-09,天沐路与544乡道交叉口东北100米,庐山市,九江市,115.925931,29.417425,绿驹电动车(天沐路),江西省,无,绿驹
2019-09-09,跃进街与铁山路交叉口西南100米,永修县,九江市,115.812932,29.036833,绿驹电动车(永修动力体验店),江西省,13237921955,绿驹
2019-09-09,教育北路与教育南路交叉口北50米,湖口县,九江市,116.240264,29.728089,绿驹电动车(湖口动力体验店),江西省,13979227139,绿驹
2019-09-09,庐山路185号近沙子墩,浔阳区,九江市,115.982679,29.715904,绿驹电动车(路安·九江动力体验店),江西省,0792-2177933,绿驹
2019-09-09,301省道与750乡道交叉口西南150米,湖口县,九江市,116.383199,29.797754,绿驹电动车,江西省,无,绿驹
2019-09-09,003乡道与314省道交叉口北50米,渝水区,新余市,114.849805,27.790161,绿驹电动车,江西省,无,绿驹
2019-09-09,仙来西大道701号,渝水区,新余市,114.902670,27.816248,绿驹电动车,江西省,无,绿驹
2019-09-09,龙潭洲路东50米,渝水区,新余市,114.952172,27.831234,绿驹电动车,江西省,18979039825,绿驹
2019-09-09,锦龙路174号附近,渝水区,新余市,114.935202,27.806470,绿驹电动车(新余动力体验店),江西省,无,绿驹
2019-09-09,329县道西50米,贵溪市,鹰潭市,117.167942,28.216870,绿驹电动车,江西省,13607012258,绿驹
2019-09-09,环城东路35号8号,月湖区,鹰潭市,117.040811,28.234965,绿驹电动车(鹰潭直销店),江西省,0701-6288555,绿驹
2019-09-09,238省道和933乡道的交叉口附近,南康区,赣州市,114.741804,25.697766,绿驹电动车,江西省,无,绿驹
2019-09-09,东城南大道与东城大道交叉口北150米,石城县,赣州市,116.345863,26.319547,绿驹电动车,江西省,15779789691,绿驹
2019-09-09,中山北路75附近,宁都县,赣州市,116.021916,26.478654,绿驹电动车(宁都动力体验店),江西省,13088675021,绿驹
2019-09-09,东外街道八一四大道摩托车大市场,章贡区,赣州市,114.957170,25.835727,绿驹电动车,江西省,无,绿驹
2019-09-09,绵水路138号,瑞金市,赣州市,116.034250,25.878580,绿驹电动车,江西省,15270632226,绿驹
2019-09-09,交通路西50米,会昌县,赣州市,115.731185,25.324034,绿驹电动车,江西省,15970186006,绿驹
2019-09-09,中山路1号,龙南县,赣州市,114.794094,24.905959,绿驹电动车(龙南东门动力体验店),江西省,无,绿驹
2019-09-09,店下路与511乡道交叉口西北50米,宁都县,赣州市,115.823134,26.346124,绿驹电动车(赖村专卖店),江西省,15070706371,绿驹
2019-09-09,蓉江街道泰康西路188号,南康区,赣州市,114.742676,25.652979,绿驹电动车,江西省,无,绿驹
2019-09-09,水东大道79号,会昌县,赣州市,115.793436,25.601384,绿驹电动车(水东大道店),江西省,无,绿驹
2019-09-09,105国道中东加油站斜对面(潭东新饭店旁边),章贡区,赣州市,114.867813,25.753681,绿驹电动车(潭东社区卫生服务中心西南),江西省,13763965265,绿驹
2019-09-09,工农兵大道385号附近,泰和县,吉安市,114.891614,26.792178,绿驹电动车(泰和动力体验店),江西省,无,绿驹
2019-09-09,武功山大道北50米,安福县,吉安市,114.563694,27.388961,绿驹电动车,江西省,无,绿驹
2019-09-09,敦厚镇香谢园B区农村信用社旁,吉安县,吉安市,114.903025,27.026167,绿驹电动车,江西省,15807963650,绿驹
2019-09-09,中山东路与永叔路交叉口北100米,吉州区,吉安市,114.989603,27.104781,绿驹电动车吉安动力体验店,江西省,无,绿驹
2019-09-09,G105(京珠线),吉安县,吉安市,114.924728,26.971157,绿驹电动车,江西省,无,绿驹
2019-09-09,火枫段与334省道交叉口北50米,安福县,吉安市,114.700891,27.365431,绿驹电动车,江西省,无,绿驹
2019-09-09,文水大道88号附近,吉水县,吉安市,115.135590,27.222477,绿驹电动车,江西省,无,绿驹
2019-09-09,君山大道286号,吉安县,吉安市,114.921555,27.026170,绿驹电动车,江西省,15949689858,绿驹
2019-09-09,文峰镇龙华中大道347号,吉水县,吉安市,115.137834,27.208036,绿驹电动车店,江西省,0796-7106778,绿驹
2019-09-09,乌江镇农贸市场斜对面,吉水县,吉安市,115.270813,27.214260,绿驹电动车,江西省,无,绿驹
2019-09-09,桐坪镇桐坪信用社对面,吉安县,吉安市,114.930199,27.245544,绿驹电动车店,江西省,无,绿驹
2019-09-09,中国农业银行(新干县大洋州镇政府西),新干县,吉安市,115.453870,27.895269,绿驹电动车,江西省,15970229889,绿驹
2019-09-09,三纬路与湘惠东路交叉口东南50米,新干县,吉安市,115.396527,27.748948,绿驹电动车(新干县动力体验店),江西省,18970691698,绿驹
2019-09-09,水边镇玉峡大道峡江汽车站北450米,峡江县,吉安市,115.323666,27.600367,绿驹电动车(峡江动力体验店),江西省,13970657766,绿驹
2019-09-09,庐陵大道37号,吉安县,吉安市,114.919009,27.039168,绿驹电动车(吉安县动力体验店),江西省,15949689858,绿驹
2019-09-09,恩江大道75号,永丰县,吉安市,115.426545,27.319810,绿驹电动车(明珠宝苑南),江西省,18720645958;15107960085,绿驹
2019-09-09,干洲大桥,奉新县,宜春市,115.436169,28.813680,绿驹电动车,江西省,无,绿驹
2019-09-09,高荷路东50米,高安市,宜春市,115.387021,28.409259,绿驹电动车,江西省,无,绿驹
2019-09-09,宜春大道西50米,袁州区,宜春市,114.388457,27.852561,绿驹电动车厂家直销,江西省,无,绿驹
2019-09-09,冯川镇奉新中大道545号,奉新县,宜春市,115.391235,28.706700,绿驹电动车,江西省,18379076438,绿驹
2019-09-09,大城镇农商银行对面,高安市,宜春市,115.525252,28.534719,绿驹电动车,江西省,无,绿驹
2019-09-09,320国道东50米,高安市,宜春市,115.334973,28.411640,绿驹电动车,江西省,无,绿驹
2019-09-09,坛前路与明月北路交叉口西50米,袁州区,宜春市,114.403907,27.809132,绿驹电动车,江西省,无,绿驹
2019-09-09,学府路沙背桥苏记车行,袁州区,宜春市,114.362867,27.789548,绿驹电动车,江西省,无,绿驹
2019-09-09,香积街69号附近,樟树市,宜春市,115.412175,27.999756,绿驹电动车(洲上动力体验馆),江西省,无,绿驹
2019-09-09,320国道东50米,高安市,宜春市,115.504578,28.504595,绿驹电动车(古楼专卖店),江西省,无,绿驹
2019-09-09,三天段76号附近,袁州区,宜春市,114.208632,27.919721,绿驹电动车(金瑞专卖店),江西省,无,绿驹
2019-09-09,中山东路与六房路交叉口北50米,袁州区,宜春市,114.397034,27.792485,绿驹电动车,江西省,无,绿驹
2019-09-09,友谊路4号附近,上高县,宜春市,114.934057,28.242511,绿驹电动车(上高动力体验店),江西省,18322912221,绿驹
2019-09-09,药都北大道8号,樟树市,宜春市,115.553138,28.061833,绿驹电动车(樟树旗舰店),江西省,18370588128;18979585050,绿驹
2019-09-09,胜利路东50米,高安市,宜春市,115.376637,28.408652,绿驹电动车,江西省,无,绿驹
2019-09-09,荷湖新村1号楼,樟树市,宜春市,115.487018,28.069107,绿驹电动车(张家山专卖),江西省,18172981798,绿驹
2019-09-09,东门路177号,宜丰县,宜春市,114.795548,28.383835,绿驹电动车(宜丰动力体验店),江西省,0795-2993800;13970512685,绿驹
2019-09-09,城东路281号鹅峰医院旁,万载县,宜春市,114.456398,28.109519,绿驹电动车,江西省,0795-8856667;13576152265,绿驹
2019-09-09,320国道与615县道交叉口西南50米,高安市,宜春市,115.243161,28.387075,绿驹电动车(龙潭专卖店),江西省,无,绿驹
2019-09-09,工业园区桥西街,丰城市,宜春市,115.781939,28.178091,绿驹电动车(丰城专卖店),江西省,18907951133,绿驹
2019-09-09,兴安路82-92,高安市,宜春市,115.378479,28.428142,绿驹电动车(高安动力体验店),江西省,0795-5281894;13879583002,绿驹
2019-09-09,祥符镇政府东(高安大道南),高安市,宜春市,115.449133,28.471637,绿驹电动车(祥符专卖店),江西省,无,绿驹
2019-09-09,沿河西路与319省道交叉口西南100米,宜丰县,宜春市,114.773223,28.388184,绿驹电动车,江西省,无,绿驹
2019-09-09,南交通路80号,南丰县,抚州市,116.532671,27.211214,绿驹电动车,江西省,无,绿驹
2019-09-09,龙山南路东200米,东乡区,抚州市,116.605101,28.229035,绿驹电动车(东乡动力体验店),江西省,无,绿驹
2019-09-09,环城南路与花家巷交叉口东100米,临川区,抚州市,116.363390,27.986270,绿驹电动车(抚州旗舰店),江西省,0794-8267488,绿驹
2019-09-09,巴山镇寺官路时代购物广场北,崇仁县,抚州市,116.055276,27.764890,绿驹电动车,江西省,13879429651,绿驹
2019-09-09,"卧龙城建材一路18号,绿能电动车专卖店",广丰区,上饶市,118.179079,28.429322,广丰绿驹电动车,江西省,无,绿驹
2019-09-09,河口镇广电网络隔壁,铅山县,上饶市,117.718737,28.296246,绿驹电动车,江西省,无,绿驹
2019-09-09,河大段与262乡道交叉口东南100米,鄱阳县,上饶市,116.973023,29.182485,绿驹电动车,江西省,无,绿驹
2019-09-09,G320(沪瑞线),信州区,上饶市,118.042576,28.494197,绿驹电动车,江西省,15579190082,绿驹
2019-09-09,新建路3901号附近,玉山县,上饶市,118.241256,28.686895,绿驹电动车,江西省,无,绿驹
2019-09-09,环湖路东湖国际华城12幢2号,鄱阳县,上饶市,116.698083,28.995041,绿驹电动车,江西省,无,绿驹
2019-09-09,方志敏大道西50米,弋阳县,上饶市,117.461405,28.356129,绿驹电动车(弋阳仁爱医院北),江西省,无,绿驹
2019-09-09,人民大道221号附近,横峰县,上饶市,117.607630,28.404644,绿驹电动车专卖店,江西省,13879397505,绿驹
2019-09-09,195乡道与208省道交叉口北100米,余干县,上饶市,116.729491,28.641184,绿驹,江西省,无,绿驹
2019-09-09,275县道与304乡道交叉口东北50米,鄱阳县,上饶市,116.640743,29.415974,绿驹电动车(桥头街店),江西省,无,绿驹
2019-09-09,202省道与647县道交叉口东南50米,玉山县,上饶市,118.300613,28.646696,绿驹电动车,江西省,无,绿驹
2019-09-09,202省道西50米,玉山县,上饶市,118.276528,28.801130,绿驹电动车,江西省,无,绿驹
2019-09-09,中国邮政储蓄银行东南(651县道),玉山县,上饶市,118.408781,28.640548,绿驹电动车,江西省,无,绿驹
2019-09-09,684县道南50米,弋阳县,上饶市,117.339676,28.498470,绿驹电动车,江西省,无,绿驹
2019-09-09,南童段与峡玉段交叉口西北100米,玉山县,上饶市,118.086627,28.795573,绿驹电动车,江西省,无,绿驹
2019-09-09,广信区广信区皂佛段西50米,广信区,上饶市,118.018592,28.366509,绿驹电动车,江西省,无,绿驹
2019-09-09,鄱阳镇洪迈大道洪迈学校对面,鄱阳县,上饶市,116.709219,28.991154,绿驹电动车,江西省,无,绿驹
2019-09-09,210乡道与709县道交叉口东北100米,余干县,上饶市,116.662074,28.674062,绿驹电动车(洪家弄绿驹直营店),江西省,无,绿驹
2019-09-09,洋口镇下菜场公交车站,广丰区,上饶市,118.107940,28.380364,绿驹电动车,江西省,无,绿驹
2019-09-09,玉虹世纪家园,玉山县,上饶市,118.235229,28.687028,绿驹电动车(玉虹世纪家园店),江西省,15779953832,绿驹
2019-09-09,人民大道与冰溪路交叉口旁,玉山县,上饶市,118.245320,28.670116,绿驹电动车(冰溪路店),江西省,0793-2569299,绿驹
2019-09-09,四股桥十七都,玉山县,上饶市,118.265632,28.712321,绿驹电动车,江西省,无,绿驹
2019-09-09,华民北路西200米,鄱阳县,上饶市,116.723596,29.485839,绿驹电动车,江西省,15970309150,绿驹
2019-09-09,富饶大道与饶张段交叉口西北200米,鄱阳县,上饶市,116.954027,28.873139,绿驹电动车专卖店,江西省,无,绿驹
2019-09-09,北大路与青云路交叉口南100米,万年县,上饶市,116.928032,28.660141,绿驹电动车,江西省,无,绿驹
2019-09-09,横必段南50米,玉山县,上饶市,118.139957,28.701062,明亮车行,江西省,无,绿驹
2019-09-09,玉亭镇世纪大道343号,余干县,上饶市,116.686876,28.700064,绿驹电动车(世纪大道店),江西省,无,绿驹
2019-09-09,芝阳路与鄱阳湖大道交叉口西北200米,鄱阳县,上饶市,116.688966,29.008271,绿驹电动车(鄱阳旗舰店),江西省,15180372270,绿驹
2019-09-09,定南街与盛南路交叉口西南50米,东港区,日照市,119.353142,35.476241,绿驹电动车,山东省,18063393129,绿驹
2019-09-09,229省道西50米,沂南县,临沂市,118.474592,35.609355,绿驹电动车,山东省,无,绿驹
2019-09-09,,新密市,郑州市,113.499808,34.442787,绿驹电动车,河南省,无,绿驹
2019-09-09,开阳路与溱水路交叉口北150米,新密市,郑州市,113.379187,34.543602,绿驹电动车,河南省,无,绿驹
2019-09-09,开阳路270号附近,新密市,郑州市,113.377382,34.526551,绿驹电动车工厂直营店,河南省,15038083830,绿驹
2019-09-09,溱洧大街北50米,新密市,郑州市,113.598973,34.514666,绿驹电动车新密动力体验店,河南省,无,绿驹
2019-09-09,国基路与常青路交叉口东北100米,惠济区,郑州市,113.624526,34.819778,绿驹电动车(国基路长兴路专卖店),河南省,13673350227,绿驹
2019-09-09,矿务局十字路口东200米路北,新密市,郑州市,113.405703,34.512943,绿驹电动车(新密旗舰店),河南省,15981990975,绿驹
2019-09-09,南侯村南侯街103号,巩义市,郑州市,112.907821,34.618606,绿驹电动车,河南省,0371-89997888,绿驹
2019-09-09,桃贾路与032县道交叉口东北150米,荥阳市,郑州市,113.447159,34.674584,绿驹电动车(贾峪专卖店),河南省,无,绿驹
2019-09-09,岳庄大街与府前街交叉口西南50米,新郑市,郑州市,113.803810,34.497194,绿驹电动(车薛店专营店),河南省,无,绿驹
2019-09-09,昶博路东50米,新密市,郑州市,113.608961,34.465286,绿驹电动跑车,河南省,无,绿驹
2019-09-09,213省道东50米,杞县,开封市,114.742035,34.613490,绿驹电动车,河南省,无,绿驹
2019-09-09,327省道北50米,杞县,开封市,114.695174,34.581024,绿驹电动车(葛岗体验店),河南省,无,绿驹
2019-09-09,106国道西50米,杞县,开封市,114.798964,34.448610,绿驹电动车邢口体验店(宗申车辆邢口专卖店),河南省,无,绿驹
2019-09-09,327省道东50米,杞县,开封市,114.883486,34.504589,绿驹,河南省,无,绿驹
2019-09-09,325省道南50米,杞县,开封市,114.803443,34.452817,绿驹电动车,河南省,无,绿驹
2019-09-09,,洛龙区,洛阳市,112.471178,34.660605,绿驹电动车,河南省,无,绿驹
2019-09-09,城关镇文化路南湖大厦,嵩县,洛阳市,112.091834,34.130884,绿驹电动车(文化路),河南省,13353796858,绿驹
2019-09-09,,郏县,平顶山市,113.339547,33.985532,绿驹电动车,河南省,无,绿驹
2019-09-09,G311(徐峡线),叶县,平顶山市,113.404189,33.689473,绿驹电动车,河南省,无,绿驹
2019-09-09,G311(徐峡线),鲁山县,平顶山市,113.114684,33.666315,绿驹电动车,河南省,无,绿驹
2019-09-09,311国道北50米,鲁山县,平顶山市,112.992968,33.681014,绿驹电动车(马楼店),河南省,无,绿驹
2019-09-09,墨公路33号附近,鲁山县,平顶山市,112.911412,33.744036,绿驹电动车(鲁山动力体验店),河南省,无,绿驹
2019-09-09,玄武大道与311国道交叉口西100米,叶县,平顶山市,113.351971,33.630010,绿驹电动车叶县总代理,河南省,无,绿驹
2019-09-09,鲁宝路与231省道交叉口东50米,鲁山县,平顶山市,113.001187,33.786363,绿驹电动车(辛集专卖店),河南省,无,绿驹
2019-09-09,兴陵路54号附近,汝州市,平顶山市,112.780517,34.259949,绿驹电动车(陵头专卖店),河南省,无,绿驹
2019-09-09,华林街与铁四路交叉口东南50米,龙安区,安阳市,114.321875,36.096922,绿驹电动车,河南省,无,绿驹
2019-09-09,016县道与104省道交叉口东200米附近,山阳区,焦作市,113.150821,35.150561,绿驹电动车(苏家作动力体验店),河南省,无,绿驹
2019-09-09,花园村,博爱县,焦作市,113.054812,35.202690,绿驹电动车,河南省,无,绿驹
2019-09-09,站前路149号附近,解放区,焦作市,113.236118,35.225030,绿驹电动车(焦作动力体验店),河南省,无,绿驹
2019-09-09,映湖路与锦祥商业街交叉口东100米,解放区,焦作市,113.242956,35.201003,绿驹电动车焦作动力体验店,河南省,无,绿驹
2019-09-09,紫云街与跃进路交叉口南50米,中站区,焦作市,113.163465,35.238980,绿驹电动车中站动力体验店,河南省,无,绿驹
2019-09-09,建安区,建安区,许昌市,113.989193,33.995140,绿驹电动车,河南省,无,绿驹
2019-09-09,建安区G107(京深线),建安区,许昌市,113.822613,34.149383,绿驹电动车,河南省,无,绿驹
2019-09-09,237省道东50米,建安区,许昌市,113.685090,34.063330,绿驹电动车小奇车行,河南省,无,绿驹
2019-09-09,老新路,长葛市,许昌市,113.873761,34.278966,绿驹电动车大奎车业,河南省,无,绿驹
2019-09-09,建安区,建安区,许昌市,113.695835,34.112019,绿驹电动车,河南省,13007678108,绿驹
2019-09-09,311国道东50米,襄城县,许昌市,113.613031,33.941308,绿驹电动车,河南省,无,绿驹
2019-09-09,远航路南50米,禹州市,许昌市,113.411987,34.173152,绿驹电动车,河南省,无,绿驹
2019-09-09,老城镇台庙村向西200米路北,长葛市,许昌市,113.833620,34.190776,绿驹电动车,河南省,13213394521,绿驹
2019-09-09,建安区建安区建安区乐士洁涂料(南环西路北),建安区,许昌市,113.789774,33.982502,绿驹电动车,河南省,无,绿驹
2019-09-09,237省道东200米,禹州市,许昌市,113.342560,34.227661,绿驹电动车军辉车行,河南省,无,绿驹
2019-09-09,建安区007县道西50米,建安区,许昌市,113.681644,33.996659,绿驹电动车李江车行,河南省,无,绿驹
2019-09-09,建安区011县道西50米,建安区,许昌市,113.767416,34.062056,绿驹电动车,河南省,无,绿驹
2019-09-09,建安区007县道与220省道交叉口西南200米,建安区,许昌市,113.898446,34.154033,绿驹电动车,河南省,15137456705,绿驹
2019-09-09,X016与X013交叉口北60米路西,禹州市,许昌市,113.533968,34.068151,绿驹电动车,河南省,15836515984,绿驹
2019-09-09,237省道北50米,禹州市,许昌市,113.584317,34.097801,绿驹电动车(朝辉车业),河南省,13643748675,绿驹
2019-09-09,024县道与238省道交叉口东南200米,襄城县,许昌市,113.710855,33.740335,绿驹电动车,河南省,无,绿驹
2019-09-09,麦岭镇238省道中国邮政旁,襄城县,许昌市,113.644531,33.776335,绿驹电动车黄广车行,河南省,无,绿驹
2019-09-09,农贸路与文兴路交叉口东50米,建安区,许昌市,113.842191,34.003785,绿驹电动车(众福车业体验店),河南省,无,绿驹
2019-09-09,219省道西50米(彭店乡纪律检查委员会北),鄢陵县,许昌市,114.201076,34.194148,绿驹电动车(彭店店),河南省,0374-6055606;15939949108,绿驹
2019-09-09,003县道北50米,禹州市,许昌市,113.575872,34.170793,绿驹电动车(郭连专卖店),河南省,无,绿驹
2019-09-09,长兴大道南50米,长葛市,许昌市,114.094440,34.217239,绿驹电动车(南席专卖),河南省,无,绿驹
2019-09-09,华佗路南50米,魏都区,许昌市,113.779837,34.032256,绿驹电动车,河南省,15937458833,绿驹
2019-09-09,007县道西50米,鄢陵县,许昌市,114.224936,34.149446,绿驹电动车(马坊专卖店),河南省,无,绿驹
2019-09-09,湖滨路许昌市体育运动学校西南100米,魏都区,许昌市,113.818896,34.029360,绿驹电动车,河南省,15937458833,绿驹
2019-09-09,许继大道北50米,魏都区,许昌市,113.795123,34.023287,绿驹电动车电动车修配,河南省,13569986626,绿驹
2019-09-09,,舞阳县,漯河市,113.772368,33.544789,绿驹电动车,河南省,无,绿驹
2019-09-09,漯舞路与012县道交叉口西北50米,源汇区,漯河市,113.912595,33.500146,绿驹电动车,河南省,无,绿驹
2019-09-09,007县道东50米,召陵区,漯河市,114.128088,33.521589,绿驹电动车(邓襄镇旗舰店),河南省,18739518899,绿驹
2019-09-09,329省道南50米,临颍县,漯河市,114.051169,33.800882,绿驹电动车,河南省,无,绿驹
2019-09-09,220省道西50米,临颍县,漯河市,113.805258,33.790695,绿驹电动车(大郭专营店),河南省,13721399880,绿驹
2019-09-09,001县道与058乡道交叉口东100米,临颍县,漯河市,113.872214,33.810925,绿驹电动车(杜街专卖),河南省,无,绿驹
2019-09-09,李漯路与008县道交叉口东北100米,郾城区,漯河市,114.039170,33.693451,绿驹电动车(李集旗舰店),河南省,无,绿驹
2019-09-09,三家店镇商场东50米路南,临颍县,漯河市,114.128295,33.798931,三家店绿驹专卖店,河南省,15890233383,绿驹
2019-09-09,,邓州市,南阳市,112.222238,32.595749,绿驹电动车,河南省,无,绿驹
2019-09-09,菊乡路,内乡县,南阳市,111.848155,33.056612,绿驹电动车,河南省,无,绿驹
2019-09-09,建设东路一高西报社对面200米,宛城区,南阳市,112.573745,33.003151,绿驹电动车,河南省,无,绿驹
2019-09-09,人民路,邓州市,南阳市,112.061498,32.677193,绿驹电动车,河南省,无,绿驹
2019-09-09,249省道附近,邓州市,南阳市,111.909189,32.839887,绿驹电动车,河南省,无,绿驹
2019-09-09,团结东路151号邓州市小东关摩托城,邓州市,南阳市,112.099622,32.679469,绿驹电动车(邓州动力体验店),河南省,18211821183,绿驹
2019-09-09,中州大道东50米,邓州市,南阳市,112.108545,32.664808,绿驹电动车,河南省,无,绿驹
2019-09-09,文清线与335省道交叉口南100米,淅川县,南阳市,111.707347,32.767554,绿驹电动车,河南省,无,绿驹
2019-09-09,两相路与邓禹路交叉口西50米,宛城区,南阳市,112.588378,33.021935,绿驹电动车,河南省,无,绿驹
2019-09-09,油坊口团结路与文化路交叉口向东30米路南,邓州市,南阳市,112.095510,32.679589,邓州黑马电动车,河南省,18860367300,绿驹
2019-09-09,231省道西50米,邓州市,南阳市,111.992432,32.612129,绿驹电动车,河南省,无,绿驹
2019-09-09,249省道东150米龙凤家私家电购物中心附近,邓州市,南阳市,111.886066,32.899582,绿驹电动车,河南省,15038779159,绿驹
2019-09-09,广南路东50米,宛城区,南阳市,112.611776,32.670952,绿驹电动车,河南省,无,绿驹
2019-09-09,涅阳东路,镇平县,南阳市,112.241718,33.030155,绿驹电动车(镇平动力体验店),河南省,0377-65935998;18237786898,绿驹
2019-09-09,004县道东50米,唐河县,南阳市,112.968732,32.684925,绿驹电动车(古城专卖店),河南省,18338121986;15538462988,绿驹
2019-09-09,团结东路143-002附近,邓州市,南阳市,112.096858,32.679393,华彭电动车,河南省,15138612119,绿驹
2019-09-09,团结东路159-004号,邓州市,南阳市,112.099750,32.679451,余东车行(邓州动力体验店),河南省,18211821183,绿驹
2019-09-09,,永城市,商丘市,116.378753,33.930555,绿驹电动车,河南省,无,绿驹
2019-09-09,和谐一巷与和谐路交叉口东南50米,永城市,商丘市,116.465351,33.928297,绿驹电动车,河南省,无,绿驹
2019-09-09,城关镇中山西街西关小学东50米路北,永城市,商丘市,116.364340,33.941268,绿驹电动车永城总代理,河南省,无,绿驹
2019-09-09,人民医院西60米路北,睢县,商丘市,115.081371,34.429911,绿驹电动车,河南省,0370-8225778;15824778185,绿驹
2019-09-09,325省道南50米,宁陵县,商丘市,115.229715,34.443132,绿驹电动车(宁陵总代理),河南省,无,绿驹
2019-09-09,仓颉大道豫东商业广场东北450米,虞城县,商丘市,115.816700,34.406365,绿驹电动车(虞城二店),河南省,无,绿驹
2019-09-09,义和路与惠民路交叉口东南100米,虞城县,商丘市,115.870810,34.397440,绿驹电动车(义和路店),河南省,无,绿驹
2019-09-09,010乡道北100米,商城县,信阳市,115.450103,31.980250,绿驹电动车,河南省,无,绿驹
2019-09-09,育才路华翔安居小区附近(锦绣花园附近),息县,信阳市,114.728953,32.345006,绿驹电动车(将军路),河南省,15518900161,绿驹
2019-09-09,崇福大道136号,商城县,信阳市,115.415221,31.800580,绿驹电动车,河南省,0376-7933877;13598576711,绿驹
2019-09-09,217省道东50米,商水县,周口市,114.703975,33.478688,绿驹电动车,河南省,无,绿驹
2019-09-09,,商水县,周口市,114.382117,33.537061,绿驹电动车,河南省,15290030762,绿驹
2019-09-09,,淮阳区,周口市,114.798714,33.737770,绿驹电动车(郑集形象店),河南省,无,绿驹
2019-09-09,,扶沟县,周口市,114.405484,34.081360,绿驹电动车,河南省,无,绿驹
2019-09-09,010乡道与218省道交叉口西南200米附近,扶沟县,周口市,114.453665,34.158569,绿驹电动车(包屯专卖店),河南省,无,绿驹
2019-09-09,329省道南50米,西华县,周口市,114.371738,33.743451,绿驹电动车,河南省,无,绿驹
2019-09-09,238省道南50米,商水县,周口市,114.338848,33.594873,绿驹电动车,河南省,无,绿驹
2019-09-09,G311(徐峡线),扶沟县,周口市,114.467659,34.107718,绿驹电动车(吕潭献伟专卖),河南省,无,绿驹
2019-09-09,026县道与206省道交叉口东北100米附近,商水县,周口市,114.505533,33.470167,绿驹电动车(周口生活馆白寺分店),河南省,无,绿驹
2019-09-09,002乡道东50米,扶沟县,周口市,114.572934,34.209655,绿驹电动车(崔桥孙飞专卖店),河南省,15890599959,绿驹
2019-09-09,012乡道东50米,扶沟县,周口市,114.296115,34.078279,绿驹电动车(韭园专卖店),河南省,13592284396,绿驹
2019-09-09,010乡道与012乡道交叉口西北50米,扶沟县,周口市,114.347420,34.182284,绿驹电动车(曹里专卖店),河南省,无,绿驹
2019-09-09,临蔡镇临蔡二中西350米,淮阳区,周口市,114.918215,33.843147,绿驹电动车,河南省,无,绿驹
2019-09-09,326省道西50米,太康县,周口市,114.747883,34.216408,绿驹电动车(高贤专卖店),河南省,无,绿驹
2019-09-09,003县道西50米,太康县,周口市,115.005551,34.033383,绿驹电动车,河南省,无,绿驹
2019-09-09,102省道大李庄乡人民政府南100米,扶沟县,周口市,114.411545,34.112446,绿驹电动车(大李庄洪科专卖店),河南省,13592271018,绿驹
2019-09-09,003县道北50米,扶沟县,周口市,114.582519,34.039810,绿驹电动车(大新专卖),河南省,13525779598,绿驹
2019-09-09,311国道南50米,太康县,周口市,114.619311,34.115925,好孩子童车专卖店-绿驹电动车,河南省,无,绿驹
2019-09-09,新建东路东方明珠购物广场斜对面(近新华路),扶沟县,周口市,114.399831,34.058155,绿驹电动车(新华路店),河南省,无,绿驹
2019-09-09,102省道西50米,扶沟县,周口市,114.409582,33.930778,绿驹电动车(练寺专卖店),河南省,无,绿驹
2019-09-09,健康路(择邻名苑东门)门面房,川汇区,周口市,114.646620,33.644083,绿驹电动车(周口旗舰店),河南省,18037105993,绿驹
2019-09-09,001乡道与102省道交叉口南100米,扶沟县,周口市,114.376470,34.233232,广亚车行,河南省,13663942092,绿驹
2019-09-09,包屯镇010乡道与218省道交叉口西南200米,扶沟县,周口市,114.453534,34.158530,富根车行,河南省,0394-6275578;18239417988,绿驹
2019-09-09,311国道北50米,太康县,周口市,114.775284,34.111416,高峰车行(独塘乡纪律检查委员会东),河南省,无,绿驹
2019-09-09,102省道东50米,扶沟县,周口市,114.411555,34.112584,洪科车行,河南省,13592271018,绿驹
2019-09-09,永固大道,遂平县,驻马店市,114.094977,33.077535,绿驹电动车,河南省,无,绿驹
2019-09-09,黄埠镇黄埠乡北黄埠镇周庄小学附近,上蔡县,驻马店市,114.187419,33.206570,绿驹电动车,河南省,无,绿驹
2019-09-09,老君庙镇街东附近,汝南县,驻马店市,114.270013,32.933491,绿驹电动车老君庙专卖店,河南省,无,绿驹
2019-09-09,商贸路与022县道交叉口南50米,西平县,驻马店市,113.745136,33.389066,绿驹电动车,河南省,无,绿驹
2019-09-09,334省道南50米,确山县,驻马店市,113.840436,32.779755,绿驹电动车,河南省,无,绿驹
2019-09-09,,遂平县,驻马店市,113.707474,33.060489,绿驹电动车张台专卖店,河南省,无,绿驹
2019-09-09,旗杆街与梁祝大道交叉口西100米,汝南县,驻马店市,114.351334,33.000624,绿驹电动车(汝南县总代理),河南省,18103964450,绿驹
2019-09-09,005乡道北50米,驿城区,驻马店市,114.005597,33.061420,绿驹电动车(关王庙专卖店),河南省,无,绿驹
2019-09-09,龙山路172号,确山县,驻马店市,114.033742,32.800732,绿驹电动车(确山专卖店),河南省,无,绿驹
2019-09-09,董北路北50米,确山县,驻马店市,113.998933,32.752445,绿驹电动车,河南省,无,绿驹
2019-09-09,产业集聚区107国道中原鸡笼厂南150米,西平县,驻马店市,114.013540,33.342412,绿驹电动车,河南省,无,绿驹
2019-09-09,古城乡古城中学东200米,驿城区,驻马店市,114.057093,32.880159,绿驹电动车(古城金亮专卖店),河南省,无,绿驹
2019-09-09,腾飞路附近,上蔡县,驻马店市,114.364843,33.342722,绿驹电动车上蔡东洪专卖店,河南省,无,绿驹
2019-09-09,双留路与028县道交叉口东50米,确山县,驻马店市,114.172398,32.659989,绿驹电动车(留庄专卖),河南省,15893905822,绿驹
2019-09-09,331省道南50米,上蔡县,驻马店市,114.370067,33.275860,绿驹电动车(上蔡齐海专卖店),河南省,无,绿驹
2019-09-09,人民路与106国道交叉口东北100米,新蔡县,驻马店市,114.978668,32.750939,绿驹电动车(新蔡旗舰店),河南省,无,绿驹
2019-09-09,刘阁村东组87号,驿城区,驻马店市,113.962938,32.986490,绿驹电动车(刘阁专卖店),河南省,13033800192,绿驹
2019-09-09,206省道西150米,上蔡县,驻马店市,114.189388,33.169946,绿驹电动车(黄埠专卖店),河南省,0396-6781818,绿驹
2019-09-09,中心街与206省道交叉口东北50米,汝南县,驻马店市,114.133698,33.064076,绿驹电动车(罗广专卖店),河南省,无,绿驹
2019-09-09,206省道西50米,汝南县,驻马店市,114.172249,33.125650,王桥绿驹电动车专卖,河南省,13839931359,绿驹
2019-09-09,农业路与雪松大道交叉口西南150米,驿城区,驻马店市,114.047043,32.986433,绿驹电动车(驻马店动力体验店),河南省,无,绿驹
2019-09-09,334省道西50米,驿城区,驻马店市,114.109547,32.862273,绿驹电动车,河南省,无,绿驹
2019-09-09,008乡道与245省道交叉口东南50米,济源市,济源市,112.496924,34.929895,緑驹电动车,河南省,无,绿驹
2019-09-09,桂林街与西霞湖路交汇处西北50米路西,济源市,济源市,112.523465,34.920702,绿驹电动车,河南省,17703894090,绿驹
2019-09-09,,黄陂区,武汉市,114.413646,30.703081,绿驹电动车,湖北省,无,绿驹
2019-09-09,盘龙城经济开发区汉口北刘店街孝武车行,黄陂区,武汉市,114.311624,30.693477,绿驹电动车(汉口北总店),湖北省,无,绿驹
2019-09-09,长丰大道172号百姓之春北门,硚口区,武汉市,114.214957,30.607356,绿驹电动车,湖北省,无,绿驹
2019-09-09,前进一路与民主二街交叉口西南50米,江汉区,武汉市,114.283140,30.576636,绿驹电动车(民主二街),湖北省,18702777196,绿驹
2019-09-09,常青街办事处发展大道79号,江汉区,武汉市,114.242027,30.608601,奥娃&绿驹电动车,湖北省,无,绿驹
2019-09-09,一元街办事处二曜小路胜利街210号,江岸区,武汉市,114.305137,30.595731,绿驹电动车,湖北省,无,绿驹
2019-09-09,满春街办事处满春路25号,江汉区,武汉市,114.281032,30.573196,绿驹电动车(满春路),湖北省,18702777196,绿驹
2019-09-09,将军一路37号附近,东西湖区,武汉市,114.256862,30.644454,绿驹电动车(将军一路),湖北省,无,绿驹
2019-09-09,汉阳大街东150米,蔡甸区,武汉市,114.033917,30.579996,绿驹电动车(蔡甸专卖店),湖北省,027-84949211,绿驹
2019-09-09,闸南大道158号,阳新县,黄石市,115.437531,29.864371,绿驹电动车(富池动力体验店),湖北省,13545554278,绿驹
2019-09-09,龙港镇上街粮店,阳新县,黄石市,114.955900,29.617888,绿驹电动车,湖北省,无,绿驹
2019-09-09,工业园区管委会河口大道123号,西塞山区,黄石市,115.236540,30.146448,绿驹电动车专卖店,湖北省,无,绿驹
2019-09-09,灵乡大道与毓秀路交叉口南70米,大冶市,黄石市,114.742048,30.009666,绿驹电动车(灵乡动力体验店),湖北省,无,绿驹
2019-09-09,冶炼路与新下陆街交叉口西北150米,下陆区,黄石市,114.947209,30.173618,绿驹电动车(下陆专卖店),湖北省,15971533298,绿驹
2019-09-09,韦源口镇兴韦大道201号,阳新县,黄石市,115.244214,30.131070,绿驹电动车(韦源口专卖店),湖北省,15172098325,绿驹
2019-09-09,黄石大道98号1栋附1号,黄石港区,黄石市,115.076183,30.226412,绿驹电动车(黄石动力体验店),湖北省,0714-6267636,绿驹
2019-09-09,丹江大道砂石厂门面店1楼,丹江口市,十堰市,111.510516,32.537776,绿驹电动车(均州一路),湖北省,13593779012,绿驹
2019-09-09,S239(沼山大道),梁子湖区,鄂州市,114.670322,30.168555,绿驹电动车,湖北省,无,绿驹
2019-09-09,马口镇金马大道中心幼儿园旁,汉川市,孝感市,113.836644,30.561704,绿驹电动车,湖北省,无,绿驹
2019-09-09,106省道北50米,汉川市,孝感市,113.770447,30.622637,绿驹电动车城隍专卖店,湖北省,无,绿驹
2019-09-09,106省道南50米,汉川市,孝感市,113.778832,30.622908,绿驹电动车,湖北省,无,绿驹
2019-09-09,庙头镇平章小学对面,汉川市,孝感市,113.792930,30.591342,绿驹电动车,湖北省,无,绿驹
2019-09-09,马口镇金马大道电信大楼对面,汉川市,孝感市,113.828138,30.559761,绿驹电动车(马口敖家分店),湖北省,无,绿驹
2019-09-09,中心金马大道425号附近,汉川市,孝感市,113.840079,30.562368,雀圣麻将机,湖北省,无,绿驹
2019-09-09,荆江路177号附近,江陵县,荆州市,112.422700,30.032979,绿驹电动车,湖北省,13872221539,绿驹
2019-09-09,保丰街15-2号,石首市,荆州市,112.477874,29.840154,绿驹电动车(大垸专卖店),湖北省,13986705708,绿驹
2019-09-09,梅川镇振兴大道阳光小区3栋楼下门面,武穴市,黄冈市,115.600744,30.118566,绿驹电动车(梅川专卖店),湖北省,0713-6734978,绿驹
2019-09-09,但家巷与桂花街交叉口西北150米,咸安区,咸宁市,114.341121,29.827503,绿驹电动车(温泉店),湖北省,15571591234,绿驹
2019-09-09,长安大道附近,咸安区,咸宁市,114.287629,29.868326,绿驹电动车(咸宁动力体验店),湖北省,无,绿驹
2019-09-09,天梯路419号附近,随县,随州市,113.736197,32.311521,绿驹电动车欢歌三轮车,湖北省,无,绿驹
2019-09-09,S232(楚蜀大道),咸丰县,恩施土家族苗族自治州,109.146016,29.670167,绿驹电动车,湖北省,无,绿驹
2019-09-09,凤翔大道121号附近,来凤县,恩施土家族苗族自治州,109.415114,29.514755,绿驹电动车,湖北省,15267295285,绿驹
2019-09-09,大桥路五巷与民族路一巷交叉口西北200米,恩施市,恩施土家族苗族自治州,109.481526,30.291420,绿驹电动车(恩施动力体验店),湖北省,无,绿驹
2019-09-09,X005(株醴路),芦淞区,株洲市,113.184582,27.816522,绿驹电动车,湖南省,无,绿驹
2019-09-09,明珠巷与神农路交叉口西南50米,耒阳市,衡阳市,112.848417,26.427434,绿驹电动车,湖南省,无,绿驹
2019-09-09,云集大道与新塘路交叉口东150米,衡南县,衡阳市,112.676208,26.745358,绿驹电动车(步行街),湖南省,无,绿驹
2019-09-09,酿溪镇新涟街148号大塘农贸市场路口,新邵县,邵阳市,111.467333,27.329069,绿驹电动车,湖南省,无,绿驹
2019-09-09,建设西路120号附近,桃源县,常德市,111.473192,28.892205,绿驹电动车,湖南省,无,绿驹
2019-09-09,"洞庭大道福慧公寓135号,洞庭大道与皂果路交汇处",武陵区,常德市,111.679926,29.040865,车之翼(常德山立芙蓉店),湖南省,0736-7283877,绿驹
2019-09-09,嘉宁公路与057县道交叉口北100米,宁远县,永州市,111.944154,25.558197,绿驹电动车,湖南省,无,绿驹
2019-09-09,宁运县冷江西路11号,宁远县,永州市,111.935511,25.582802,宁远县绿驹电动车,湖南省,15386303816;17769260699,绿驹
2019-09-09,卢峰镇桔花园马家路口,溆浦县,怀化市,110.585185,27.897857,舒哥车行,湖南省,15874548795,绿驹
2019-09-09,仙桥街与娄星北路交叉口东100米,娄星区,娄底市,111.992394,27.758845,绿驹电动车,湖南省,无,绿驹
2019-09-09,178乡道与323国道交叉口西南150米,浈江区,韶关市,113.623556,24.822988,绿驹电动车销售部,广东省,无,绿驹
2019-09-09,大学路韶关学院328号,浈江区,韶关市,113.681776,24.772505,绿驹电动车专卖店,广东省,15119213325,绿驹
2019-09-09,莲花大道与178乡道交叉口东北150米,浈江区,韶关市,113.626089,24.823196,绿驹电动车(华生社区卫生服务站东),广东省,无,绿驹
2019-09-09,248省道东50米,浈江区,韶关市,113.567021,24.830383,绿驹电动车专卖店,广东省,13542251812,绿驹
2019-09-09,人民南路203号附近,信宜市,茂名市,110.937970,22.340532,绿驹电动车,广东省,无,绿驹
2019-09-09,商业大道60号附近,封开县,肇庆市,111.805541,23.735613,绿驹电动车(临桂专卖店),广东省,无,绿驹
2019-09-09,平山镇广汕路肯德基对面,惠东县,惠州市,114.928454,22.799570,绿驹电动车,广东省,无,绿驹
2019-09-09,侨港街124附近,兴宁市,梅州市,115.724949,24.145794,绿驹电动车兄弟车行,广东省,无,绿驹
2019-09-09,车站路44-1号附近,马山县,南宁市,107.995868,23.553286,绿驹电动车周鹿专卖店,广西壮族自治区,无,绿驹
2019-09-09,金龙大道193号附近,宾阳县,南宁市,109.126869,23.196218,绿驹电动车,广西壮族自治区,无,绿驹
2019-09-09,大沙田街道银海大道86号,良庆区,南宁市,108.317378,22.759020,绿驹电动车(银海大道辅路),广西壮族自治区,无,绿驹
2019-09-09,209国道东50米,横县,南宁市,109.387461,22.898649,绿驹电动车,广西壮族自治区,无,绿驹
2019-09-09,322国道东50米,江南区,南宁市,108.100438,22.551076,绿驹电动车(江南区苏圩中心卫生院北),广西壮族自治区,无,绿驹
2019-09-09,古祥路与智城路交叉口东南50米,上林县,南宁市,108.600234,23.430164,绿驹电动车(智城路),广西壮族自治区,无,绿驹
2019-09-09,工业品市场208号,宾阳县,南宁市,108.796717,23.216642,绿驹电动车(宾阳专卖店),广西壮族自治区,18607891860,绿驹
2019-09-09,兴陵街与陵海路南一里交叉口南50米,西乡塘区,南宁市,108.048950,22.917348,绿驹电动车(金陵专卖店),广西壮族自治区,无,绿驹
2019-09-09,河东大道483号附近,柳城县,柳州市,109.236486,24.657000,绿驹电动车,广西壮族自治区,无,绿驹
2019-09-09,G209(呼北线),柳北区,柳州市,109.403573,24.389577,绿驹电动车,广西壮族自治区,无,绿驹
2019-09-09,红卫村红卫路口,融安县,柳州市,109.393447,25.196449,绿驹电动车,广西壮族自治区,无,绿驹
2019-09-09,航二路宏城绿都3-8号,柳南区,柳州市,109.381561,24.276935,绿驹电动车,广西壮族自治区,无,绿驹
2019-09-09,振兴路与柳长路交叉口南50米,柳北区,柳州市,109.383736,24.440464,绿驹电动车,广西壮族自治区,无,绿驹
2019-09-09,柳堡路376号,柳江区,柳州市,109.342223,24.261265,绿驹电动车(柳江旗舰店),广西壮族自治区,无,绿驹
2019-09-09,基隆开发区南环路87号,柳江区,柳州市,109.378191,24.258166,基隆绿驹专卖店(基隆专卖店),广西壮族自治区,13558229535,绿驹
2019-09-09,雁兴街,雁山区,桂林市,110.313897,25.073569,绿驹电动车(雁山兴达专卖店),广西壮族自治区,13978393782,绿驹
2019-09-09,四塘镇秧塘工业园恒远路8号,临桂区,桂林市,110.130889,25.161003,绿驹电动车(四塘专卖店),广西壮族自治区,无,绿驹
2019-09-09,306省道与472乡道交叉口西南150米,永福县,桂林市,109.776699,25.159685,绿驹电动车,广西壮族自治区,无,绿驹
2019-09-09,兴安镇兴桂路103号,兴安县,桂林市,110.668146,25.617308,绿驹电动车(兴安动力体验店),广西壮族自治区,13878368897,绿驹
2019-09-09,抗战路36-11号,阳朔县,桂林市,110.495878,24.768936,金池车行,广西壮族自治区,13877379689,绿驹
2019-09-09,荔城镇荔桂路15-1号星星车行,荔浦市,桂林市,110.398815,24.502551,绿驹电动车(荔浦动力体验店),广西壮族自治区,无,绿驹
2019-09-09,临桂镇金水路148号,临桂区,桂林市,110.218326,25.249998,绿驹电动车(临桂专卖店),广西壮族自治区,0773-2159022,绿驹
2019-09-09,中山南路与崇信路交叉口西北50米,象山区,桂林市,110.284087,25.250758,绿驹电动车(桂林动力体验店),广西壮族自治区,无,绿驹
2019-09-09,凤阁路悦达驾校对面,永福县,桂林市,109.986930,24.986833,绿驹电动车(永福专卖店),广西壮族自治区,0773-8510981;15678309899,绿驹
2019-09-09,抗战路36-11号,阳朔县,桂林市,110.495998,24.768976,绿驹电动车,广西壮族自治区,13877379689,绿驹
2019-09-09,南湖小区111号,藤县,梧州市,110.915703,23.369185,绿驹电动车(南湖小区店),广西壮族自治区,无,绿驹
2019-09-09,,合浦县,北海市,109.208506,21.671730,绿驹电动车,广西壮族自治区,无,绿驹
2019-09-09,城北大道与绕城大道交叉口西150米,合浦县,北海市,108.968092,21.635527,绿驹电动车,广西壮族自治区,13377295572,绿驹
2019-09-09,延安路与延安路二十二巷交叉口西北50米,合浦县,北海市,109.207507,21.668453,绿驹电动车(合浦动力店),广西壮族自治区,无,绿驹
2019-09-09,312省道附近,防城区,防城港市,108.244788,21.751660,绿驹电动车,广西壮族自治区,无,绿驹
2019-09-09,东兴镇北仑大道208号,东兴市,防城港市,107.971564,21.544186,绿驹电动车(东兴动力体验店),广西壮族自治区,13558305770,绿驹
2019-09-09,中华路8号附近,上思县,防城港市,107.979110,22.151412,绿驹电动车,广西壮族自治区,无,绿驹
2019-09-09,旧州镇古城路26号,灵山县,钦州市,108.943623,22.394392,绿驹电动车旧州专卖店,广西壮族自治区,无,绿驹
2019-09-09,南珠西大街65号成明车行,钦南区,钦州市,108.621352,21.963347,绿驹电动车(钦北公路管理局东南),广西壮族自治区,无,绿驹
2019-09-09,向阳街与永兴路交叉口东南50米,钦南区,钦州市,108.630978,21.964072,绿驹电动车(向阳街店),广西壮族自治区,13317778733,绿驹
2019-09-09,小江镇民兴路26号,浦北县,钦州市,109.555525,22.261744,绿驹电动车(浦北专卖店),广西壮族自治区,无,绿驹
2019-09-09,皇浦便捷宾馆旁,浦北县,钦州市,109.632688,22.569316,绿驹电动车(寨圩专卖店),广西壮族自治区,0777-8768566,绿驹
2019-09-09,342县道与508乡道交叉口西150米,平南县,贵港市,110.523970,23.470664,绿驹电动车丹竹专卖店,广西壮族自治区,无,绿驹
2019-09-09,丹竹镇长安街,平南县,贵港市,110.524033,23.470680,绿驹电动车店,广西壮族自治区,无,绿驹
2019-09-09,平南镇西山街68号,平南县,贵港市,110.397384,23.548759,绿驹电动车(平南动力体验店),广西壮族自治区,0775-7837598,绿驹
2019-09-09,贺岗大道225号,平南县,贵港市,110.507682,23.380957,绿驹电动车(大安专卖店),广西壮族自治区,0775-7638618;13481563868,绿驹
2019-09-09,桂南中路与禄棠东路交叉口北50米,桂平市,贵港市,110.075233,23.374171,绿驹电动车(桂平专卖店),广西壮族自治区,0775-3508980,绿驹
2019-09-09,容州镇城北路432号,容县,玉林市,110.543562,22.866369,绿驹电动车,广西壮族自治区,无,绿驹
2019-09-09,215乡道,福绵区,玉林市,109.994743,22.572895,绿驹电动车店,广西壮族自治区,15278525561,绿驹
2019-09-09,米场镇威达公司旁,陆川县,玉林市,110.259479,22.400575,绿驹电动车,广西壮族自治区,无,绿驹
2019-09-09,美林街13-10号附近,玉州区,玉林市,110.152534,22.635110,绿驹电动车(民主中路店),广西壮族自治区,无,绿驹
2019-09-09,美林街329号附近,玉州区,玉林市,110.151183,22.633928,绿驹电动车(玉林动力体验店),广西壮族自治区,无,绿驹
2019-09-09,田州镇解放中路25号,田阳区,百色市,106.920055,23.737140,绿驹电动车4S售后服务中心(田阳专卖店),广西壮族自治区,0776-3222211,绿驹
2019-09-09,教育东路与迎宾路交叉口东100米,田林县,百色市,106.243212,24.284374,绿驹电动车(田林远达电动车行),广西壮族自治区,0776-7205988;13517760575,绿驹
2019-09-09,田州镇解放中路25号,田阳区,百色市,106.918973,23.736678,绿驹电动车(田阳专卖店),广西壮族自治区,0776-3222211,绿驹
2019-09-09,城厢镇睦边大道387号,那坡县,百色市,105.832362,23.396592,绿驹电动车,广西壮族自治区,无,绿驹
2019-09-09,城关镇德盛路229号,德保县,百色市,106.622148,23.321642,绿驹电动车(德保动力体验店),广西壮族自治区,0776-3825568,绿驹
2019-09-09,钟山中路68号附近,钟山县,贺州市,111.310360,24.530553,绿驹电动车,广西壮族自治区,13978463386;18677458526,绿驹
2019-09-09,安阳镇屏山大道75号,都安瑶族自治县,河池市,108.101390,23.938850,绿驹电动车(都安专卖店),广西壮族自治区,15177833336,绿驹
2019-09-09,城红河南路110号,大化瑶族自治县,河池市,107.995837,23.724784,绿驹电动车&沃雷顿自行车(大化店),广西壮族自治区,15977887757,绿驹
2019-09-09,大化镇文化路43号,大化瑶族自治县,河池市,107.989972,23.739876,绿驹电动车(大化旗舰店),广西壮族自治区,15977887757,绿驹
2019-09-09,思恩镇凯丰十字路口,环江毛南族自治县,河池市,108.259255,24.832800,绿驹电动车(环江专营店),广西壮族自治区,13977847183,绿驹
2019-09-09,中山路与云峰路交叉口南50米,凤山县,河池市,107.045056,24.541757,绿驹电动车(凤山动力体验店),广西壮族自治区,0778-6811698,绿驹
2019-09-09,安阳镇屏中中路75号,都安瑶族自治县,河池市,108.101128,23.940207,绿驹电动车(都安绿驹二分店),广西壮族自治区,无,绿驹
2019-09-09,朝阳路206号,罗城仫佬族自治县,河池市,108.897733,24.777365,绿驹电动车(广西罗城连锁店),广西壮族自治区,无,绿驹
2019-09-09,西环路106-2号,金城江区,河池市,108.044672,24.682658,顺意摩修绿驹电动车(西环路),广西壮族自治区,13877860054,绿驹
2019-09-09,209国道西50米,象州县,来宾市,109.528784,23.844939,绿驹电动车,广西壮族自治区,无,绿驹
2019-09-09,034乡道西50米,象州县,来宾市,109.764505,23.863198,绿驹电动车妙皇专卖店,广西壮族自治区,无,绿驹
2019-09-09,桐木镇雅文路73号(中学对面),金秀瑶族自治县,来宾市,109.984542,24.191659,绿驹电动车(桐木动力体验店),广西壮族自治区,无,绿驹
2019-09-09,柳来路173附近,兴宾区,来宾市,109.232564,23.731282,绿驹电动车(前卫路),广西壮族自治区,0772-4891007;15878286886,绿驹
2019-09-09,象州镇温泉大道110号,象州县,来宾市,109.685922,23.961366,绿驹电动车(象州旗舰店),广西壮族自治区,13517529912;15177709889,绿驹
2019-09-09,033乡道西100米,象州县,来宾市,109.861794,24.195965,绿驹电动车,广西壮族自治区,无,绿驹
2019-09-09,芝州一路45号,忻城县,来宾市,108.669991,24.066270,绿驹电动车(忻城专卖店),广西壮族自治区,无,绿驹
2019-09-09,建新路148号,象州县,来宾市,109.684185,23.955259,绿驹电动车(象州旗舰店),广西壮族自治区,15177709889,绿驹
2019-09-09,山圩镇,扶绥县,崇左市,107.991052,22.448080,绿驹电动车,广西壮族自治区,无,绿驹
2019-09-09,天宝路与天新街交叉口东北50米,天等县,崇左市,107.138956,23.082455,绿驹电动车,广西壮族自治区,无,绿驹
2019-09-09,兴东大道西附近,扶绥县,崇左市,107.833622,22.332434,绿驹电动车,广西壮族自治区,无,绿驹
2019-09-09,042乡道与322国道交叉口西南200米,扶绥县,崇左市,107.648908,22.259359,绿驹电动车,广西壮族自治区,无,绿驹
2019-09-09,养利中路与富民路交叉口东南50米,大新县,崇左市,107.204399,22.828836,大新源鑫车行专卖店,广西壮族自治区,无,绿驹
2019-09-09,兴东大道西东门镇初级中学西350米,扶绥县,崇左市,107.833885,22.334320,绿驹电动车,广西壮族自治区,无,绿驹
2019-09-09,新和镇新和镇新华南街117号,江州区,崇左市,107.225226,22.552881,绿驹电动车,广西壮族自治区,无,绿驹
2019-09-09,沿山路31-1号附近,江州区,崇左市,107.360871,22.398613,绿驹电动车,广西壮族自治区,无,绿驹
2019-09-09,舞龙街北50米,扶绥县,崇左市,107.803337,22.564919,绿驹电动车(渠黎专卖店),广西壮族自治区,无,绿驹
2019-09-09,521县道西200米,江州区,崇左市,107.497476,22.688617,绿驹电动车(左州专卖店),广西壮族自治区,18775984485,绿驹
2019-09-09,新宁镇东区阳光家园全友家居对面,扶绥县,崇左市,107.914051,22.638968,绿驹电动车,广西壮族自治区,无,绿驹
2019-09-09,315省道东50米,儋州市,儋州市,109.296659,19.646084,王五绿驹电动车,海南省,无,绿驹
2019-09-09,力帆支路与护国路交叉口南50米,涪陵区,重庆市,107.063126,29.654990,绿驹电动车,重庆市,无,绿驹
2019-09-09,秦家池街8号,合川区,重庆市,106.262001,29.977027,绿驹电动车(合川体验店),重庆市,无,绿驹
2019-09-09,将军路180号,合川区,重庆市,106.260437,30.001745,绿驹电动车(合川体验店),重庆市,无,绿驹
2019-09-09,围城南路中段与春城巷交叉口西50米,大邑县,成都市,103.523934,30.582735,绿驹电动车,四川省,无,绿驹
2019-09-09,成新蒲大道与星空路四段交叉口西南200米,双流区,成都市,103.919504,30.633597,绿驹电动车(成都办事处),四川省,无,绿驹
2019-09-09,顺城路与飞虎路交叉口西北50米,蒲江县,成都市,103.524533,30.194433,绿驹电动车(蒲江专卖店),四川省,无,绿驹
2019-09-09,雒新路东50米,广汉市,德阳市,104.301432,31.041797,绿驹电动车专卖店,四川省,无,绿驹
2019-09-09,东升街东段与广青路交叉口南150米,广汉市,德阳市,104.222062,31.046128,绿驹电动车,四川省,无,绿驹
2019-09-09,沙汀路67附近,北川羌族自治县,绵阳市,104.425432,31.634656,绿驹电动车,四川省,无,绿驹
2019-09-09,长兴大街与长兴街交叉口西北100米,三台县,绵阳市,104.938362,31.276777,绿驹电动车,四川省,无,绿驹
2019-09-09,白鹤街与红军路东段交叉口东50米,苍溪县,广元市,105.944769,31.735650,轻骑牌摩托绿驹电动车,四川省,0839-2982422,绿驹
2019-09-09,回马镇临园大道东(回马综合大市场西北300米),大英县,遂宁市,105.424786,30.659927,绿驹电动车,四川省,无,绿驹
2019-09-09,高桥镇651号,东兴区,内江市,105.122457,29.612724,绿驹电动车(尚品雅筑西南),四川省,无,绿驹
2019-09-09,金顶南路148号附1号,峨眉山市,乐山市,103.486696,29.593193,绿驹电动车,四川省,无,绿驹
2019-09-09,万驰国际酒店对面七里大道539号,阆中市,南充市,105.997265,31.554507,绿驹电动车(巴都大道),四川省,15884716809,绿驹
2019-09-09,永寿中心小学西90米(永崇路北),东坡区,眉山市,103.839394,29.984597,绿驹电动车专卖,四川省,无,绿驹
2019-09-09,观保路西200米,彭山区,眉山市,103.825674,30.266480,绿驹电动车,四川省,无,绿驹
2019-09-09,丹棱镇齐乐大道228号,丹棱县,眉山市,103.521192,30.013162,绿驹电动车,四川省,028-37262258,绿驹
2019-09-09,人民路与齐乐大道交叉口南50米,丹棱县,眉山市,103.521187,30.013219,小斌车行,四川省,028-37262258;13550555092,绿驹
2019-09-09,柏溪镇桥头加油站对面,翠屏区,宜宾市,104.557230,28.699722,绿驹电动车(宜宾店),四川省,18283111138,绿驹
2019-09-09,大河苗族乡卫生院隔壁,兴文县,宜宾市,105.307170,28.177398,绿驹电动车,四川省,18881922098;18882371880;0831-8916628,绿驹
2019-09-09,下东街与祥和街交叉口东50米,武胜县,广安市,106.296696,30.344796,绿驹电动车,四川省,15282618383,绿驹
2019-09-09,宏志大道与广官路交叉口西南100米,广安区,广安市,106.657087,30.454723,绿驹电动车,四川省,无,绿驹
2019-09-09,福寿餐旅馆附近,渠县,达州市,106.833681,30.805442,绿驹电动车(639乡道店),四川省,无,绿驹
2019-09-09,Y01县道西50米,南江县,巴中市,106.660376,32.155092,绿驹电动车,四川省,无,绿驹
2019-09-09,米仓山大道文星段20号,南江县,巴中市,106.845188,32.350127,绿驹电动车米仓山大道文星段20号,四川省,13419469846,绿驹
2019-09-09,清溪路802号兰鑫商务宾馆旁边上,花溪区,贵阳市,106.676685,26.415187,绿驹电动车,贵州省,无,绿驹
2019-09-09,宝山北路药材公司旁,云岩区,贵阳市,106.718098,26.589276,绿驹电动车(宝山北路店),贵州省,无,绿驹
2019-09-09,北京西路433号绿驹电动车专卖店,观山湖区,贵阳市,106.634840,26.596245,绿驹电动车(世纪城北京西路分店),贵州省,19985010156,绿驹
2019-09-09,老鹰山镇109,水城县,六盘水市,105.027042,26.560104,绿驹电动车,贵州省,无,绿驹
2019-09-09,人民中路242号,钟山区,六盘水市,104.874204,26.580155,绿驹电动车(六盘水总经销),贵州省,无,绿驹
2019-09-09,大连路477号附近,汇川区,遵义市,106.943082,27.713520,绿驹电动车(遵义地区店),贵州省,无,绿驹
2019-09-09,文化路与河滨北路交叉口南200米,桐梓县,遵义市,106.830662,28.138461,绿驹电动车,贵州省,15085516699,绿驹
2019-09-09,人民南路32号,赤水市,遵义市,105.703209,28.579684,绿驹电动车(赤水店),贵州省,18985648593,绿驹
2019-09-09,二场路与塔山西路交叉口西50米,西秀区,安顺市,105.930733,26.238872,绿驹电动车,贵州省,无,绿驹
2019-09-09,格凸大道294(南段),紫云苗族布依族自治县,安顺市,106.088183,25.746084,绿驹电动车,贵州省,无,绿驹
2019-09-09,212省道东50米,赫章县,毕节市,104.666388,26.915959,绿驹电动车专卖店,贵州省,13985354439,绿驹
2019-09-09,张维路与019县道交叉口东北200米,纳雍县,毕节市,105.380208,26.765552,绿驹电动车,贵州省,无,绿驹
2019-09-09,德溪街道学院路美食街远航综合汽摩城一楼附近,七星关区,毕节市,105.324752,27.289098,绿驹电动车,贵州省,无,绿驹
2019-09-09,天河路28附近,七星关区,毕节市,105.286816,27.308287,绿驹电动车,贵州省,无,绿驹
2019-09-09,201省道附近,松桃苗族自治县,铜仁市,109.298047,27.879904,绿驹电动车,贵州省,15185958025,绿驹
2019-09-09,环城西路34号附近,江口县,铜仁市,108.840498,27.693177,绿驹电动车江口动力体验店,贵州省,无,绿驹
2019-09-09,南环中路15号,兴义市,黔西南布依族苗族自治州,104.897484,25.079165,绿驹电动车兴义动力体验店,贵州省,无,绿驹
2019-09-09,建设路与永丰大道交叉口东150米,贞丰县,黔西南布依族苗族自治州,105.645031,25.385573,绿驹电动车,贵州省,无,绿驹
2019-09-09,南环路与广大家私路口前30米(澄香家宴旁),兴义市,黔西南布依族苗族自治州,104.897921,25.079994,绿驹电动车,贵州省,无,绿驹
2019-09-09,北塔桥,黎平县,黔东南苗族侗族自治州,109.137626,26.240453,绿驹电动车专卖店,贵州省,无,绿驹
2019-09-09,平湖镇金盘街道新舟村王家寨组10号,平塘县,黔南布依族苗族自治州,107.318384,25.820367,绿驹电动车,贵州省,无,绿驹
2019-09-09,文峰北路81号,瓮安县,黔南布依族苗族自治州,107.479345,27.078208,绿驹电动车,贵州省,13985756564,绿驹
2019-09-09,庆云宫云宫花城26栋一层23-24号,都匀市,黔南布依族苗族自治州,107.520854,26.241294,绿驹电动车,贵州省,无,绿驹
2019-09-09,连然街27号,安宁市,昆明市,102.488077,24.925798,绿驹电动车(连然街),云南省,0871-68697336;13888327423,绿驹
2019-09-09,麒麟西路359附近,麒麟区,曲靖市,103.781191,25.502230,绿驹电动车专卖店,云南省,无,绿驹
2019-09-09,沿江路南50米,麒麟区,曲靖市,103.818781,25.479864,绿驹电动车,云南省,无,绿驹
2019-09-09,靖江路23号附近,麒麟区,曲靖市,103.806200,25.470678,绿驹电动车,云南省,18308801358,绿驹
2019-09-09,潇湘路中断10号南园村正大门斜对面,麒麟区,曲靖市,103.803972,25.486497,绿驹电动车(潇湘动力体验店),云南省,无,绿驹
2019-09-09,龙门街576号附近,罗平县,曲靖市,104.303851,24.883935,绿驹电动车(罗平专卖店),云南省,无,绿驹
2019-09-09,199乡道与204乡道交叉口北200米,宣威市,曲靖市,104.083294,26.086766,板桥绿驹电动车,云南省,无,绿驹
2019-09-09,锦秀园商铺8一14号,麒麟区,曲靖市,103.803872,25.524729,雅迪绿驹电动车,云南省,无,绿驹
2019-09-09,宁兴街60号附近,华宁县,玉溪市,102.923601,24.187609,绿驹电动车,云南省,无,绿驹
2019-09-09,布新段与新小段交叉口北150米,昭阳区,昭通市,103.669037,27.250527,绿驹电动车,云南省,无,绿驹
2019-09-09,元烟段东50米,昭阳区,昭通市,103.731185,27.301344,绿驹电动车,云南省,18087033503,绿驹
2019-09-09,西安路216号,古城区,丽江市,100.214233,26.872580,绿驹电动车,云南省,无,绿驹
2019-09-09,,西盟佤族自治县,普洱市,99.588248,22.647596,绿驹电动车,云南省,无,绿驹
2019-09-09,,澜沧拉祜族自治县,普洱市,99.926314,22.558067,绿驹电动车,云南省,无,绿驹
2019-09-09,凤玉路与白云路交叉口西北50米,景东彝族自治县,普洱市,100.839458,24.450812,绿驹电动车,云南省,无,绿驹
2019-09-09,孟定镇允相路口益好车行,耿马傣族佤族自治县,临沧市,99.091105,23.559440,绿驹电动车,云南省,无,绿驹
2019-09-09,惠民路与龙城路交叉口东100米,禄丰县,楚雄彝族自治州,102.072966,25.139586,绿驹电动车(龙城路),云南省,无,绿驹
2019-09-09,阜安路西50米,建水县,红河哈尼族彝族自治州,102.831482,23.609817,绿驹电动车,云南省,无,绿驹
2019-09-09,中枢镇九华路东欣苑东北350米,泸西县,红河哈尼族彝族自治州,103.773520,24.522923,绿驹电动车(泸西专卖店),云南省,0873-6627128,绿驹
2019-09-09,浙江商贸城D区1幢12号,蒙自市,红河哈尼族彝族自治州,103.389075,23.371168,绿驹电动车(蒙自动力体验店),云南省,0873-3730736,绿驹
2019-09-09,泰康中路238号附近,文山市,文山壮族苗族自治州,104.269652,23.355125,绿驹电动车,云南省,无,绿驹
2019-09-09,东盟国际A6-111,景洪市,西双版纳傣族自治州,100.764356,21.951787,绿驹电动车(景洪嘎洒动力体验店),云南省,13988179558,绿驹
2019-09-09,001乡道与002乡道交叉口东北100米,大理市,大理白族自治州,100.225229,25.828003,绿驹电动车(挖色专卖),云南省,15887300847,绿驹
2019-09-09,卯喊路与边城街交叉口东北100米,瑞丽市,德宏傣族景颇族自治州,97.864901,24.011180,绿驹电动车(瑞宏路),云南省,0692-4117288,绿驹
2019-09-09,,灞桥区,西安市,109.016677,34.401784,绿驹电动车,陕西省,无,绿驹
2019-09-09,经十五路,雁塔区,西安市,108.845261,34.239465,绿驹电动车,陕西省,无,绿驹
2019-09-09,楼观镇焦镇街道,周至县,西安市,108.303541,34.084753,绿驹电动车,陕西省,无,绿驹
2019-09-09,北增路与208县道交叉口北50米,临潼区,西安市,109.183368,34.459848,北田绿驹电动车专卖,陕西省,无,绿驹
2019-09-09,广运潭大道与辛王公路交叉口北100米,未央区,西安市,109.003393,34.366515,绿驹电动车,陕西省,无,绿驹
2019-09-09,丰产路二府营煤厂对面,未央区,西安市,108.830855,34.333214,绿驹电动车,陕西省,15289285142,绿驹
2019-09-09,东大西安市东大街道办东(东大路东),长安区,西安市,108.771538,34.056986,绿驹电动车(东大专卖店),陕西省,13572051360,绿驹
2019-09-09,鄠邑区甘塘街北段2号附近,鄠邑区,西安市,108.519672,34.163214,绿驹电动车(甘河店),陕西省,13384969645,绿驹
2019-09-09,王寺东街167号,长安区,西安市,108.811884,34.259732,绿驹电动车(沣东大道店),陕西省,无,绿驹
2019-09-09,中心街与终殿路交叉口东100米,周至县,西安市,108.368591,34.145551,终南镇绿驹电动车专卖店(孔师车行),陕西省,无,绿驹
2019-09-09,中心东街51号附近,周至县,西安市,108.228947,34.160490,绿驹电动车(周至动力体验店),陕西省,无,绿驹
2019-09-09,鄠邑区庞光镇中学西100米,鄠邑区,西安市,108.670200,34.035303,绿驹电动车专卖店(动力体验店),陕西省,无,绿驹
2019-09-09,樊川路西50米,长安区,西安市,109.004352,34.107351,绿驹电动车专卖店,陕西省,13991280937,绿驹
2019-09-09,华清东路北50米,灞桥区,西安市,109.028600,34.289420,绿驹电动车(华清东路),陕西省,无,绿驹
2019-09-09,鄠邑区213县道东50米,鄠邑区,西安市,108.717122,34.052438,绿驹电动车,陕西省,无,绿驹
2019-09-09,北关正街与自强西路交叉口西南200米,莲湖区,西安市,108.945828,34.278822,绿驹龙电动车,陕西省,无,绿驹
2019-09-09,富阎路与前进东路交叉口东行50米,阎良区,西安市,109.234903,34.666162,绿驹电动车(三秦车行),陕西省,029-86201750,绿驹
2019-09-09,郭杜东街188号,长安区,西安市,108.873037,34.159715,绿驹电动车(郭杜专卖店),陕西省,15829214285,绿驹
2019-09-09,自强东路与自强西路交叉口南150米,莲湖区,西安市,108.946903,34.279004,绿驹电动车(环城北路),陕西省,无,绿驹
2019-09-09,洪庆街与长平路交叉口西150米,灞桥区,西安市,109.116480,34.315921,绿驹电动车(帝都天元酒店西北),陕西省,15802508387,绿驹
2019-09-09,姜白路西50米,临潼区,西安市,109.181703,34.395820,绿驹电动车(白庙直营店),陕西省,无,绿驹
2019-09-09,建章路与西安高架快速干道交叉口北200米,未央区,西安市,108.840781,34.292550,欣绿驹电动车(三桥专卖店),陕西省,13572536316,绿驹
2019-09-09,天台一路12号,未央区,西安市,108.824736,34.261259,欣绿驹电动车(天台一路店),陕西省,15389400523,绿驹
2019-09-09,代王街南50米,临潼区,西安市,109.296841,34.393298,绿驹电动车,陕西省,无,绿驹
2019-09-09,城市华强路与文景南路交叉口北200米,莲湖区,西安市,108.938511,34.285901,绿驹电动车(文景路动力体验店),陕西省,029-81628368,绿驹
2019-09-09,凤城十路与朱宏路交叉口西南150米,未央区,西安市,108.918426,34.350340,绿驹电动车(朱宏路店),陕西省,无,绿驹
2019-09-09,新马路中国联通对面,临潼区,西安市,109.222081,34.584424,绿驹电动车,陕西省,15129932409,绿驹
2019-09-09,庆山路北50米,临潼区,西安市,109.266632,34.421290,绿驹电动车,陕西省,无,绿驹
2019-09-09,集贤镇彩门向东150米,周至县,西安市,108.406227,34.082295,绿驹电动车,陕西省,13488212033,绿驹
2019-09-09,狄寨街南50米,灞桥区,西安市,109.122799,34.206985,绿驹电动车,陕西省,15319927977,绿驹
2019-09-09,西韩街5126号,高陵区,西安市,109.096229,34.539241,绿驹车业,陕西省,13991144698,绿驹
2019-09-09,红旗路附近,未央区,西安市,108.979734,34.353452,绿驹电动车(红旗路店),陕西省,无,绿驹
2019-09-09,蓝新路北段蓝新路中段,蓝田县,西安市,109.316259,34.161872,绿驹电动车(蓝田动力体验店),陕西省,029-86531111,绿驹
2019-09-09,207县道与304县道交叉口西北100米,临潼区,西安市,109.236077,34.543769,绿驹电动车(临潼县医院渭北分院西),陕西省,无,绿驹
2019-09-09,新合街道907车站北50米,灞桥区,西安市,109.104016,34.420388,绿驹电动车(新合医院北),陕西省,无,绿驹
2019-09-09,207县道东50米,临潼区,西安市,109.249215,34.469827,绿驹电动车,陕西省,无,绿驹
2019-09-09,纺织城鹿塬街东江名苑,灞桥区,西安市,109.070441,34.272427,绿驹电动车(纺织城动力体验店),陕西省,无,绿驹
2019-09-09,高茹路与305县道交叉口北200米(高陵县姬家一中西北),高陵区,西安市,109.001999,34.489771,绿驹电动车(姬家专卖店),陕西省,13519103286,绿驹
2019-09-09,鄠邑区105县道与145村道交叉口东北50米,鄠邑区,西安市,108.495480,34.106737,绿驹电动车(145村道),陕西省,029-84907788,绿驹
2019-09-09,灞桥西街11号,灞桥区,西安市,109.072631,34.311470,绿驹电动车(灞桥专卖店),陕西省,13484621899,绿驹
2019-09-09,长安南路华城国际商铺9-10112号(长安西路华城国际小区南侧),雁塔区,西安市,108.944897,34.190620,绿驹电动车(步行街),陕西省,无,绿驹
2019-09-09,伞塔路83号,碑林区,西安市,108.992511,34.264286,绿驹电动车(伞塔路动力体验店),陕西省,029-83282977,绿驹
2019-09-09,姜寨南路50号附近,临潼区,西安市,109.211117,34.373151,绿驹电动车(临潼动力体验店),陕西省,无,绿驹
2019-09-09,马家湾泾渭北路79号,高陵区,西安市,109.095332,34.532571,绿驹电动车(高陵动力体验店),陕西省,13991144698,绿驹
2019-09-09,108省道北50米,阎良区,西安市,109.350383,34.612497,绿驹电动车(杨新庄专卖),陕西省,无,绿驹
2019-09-09,108省道与277乡道交叉口北100米,阎良区,西安市,109.295822,34.634927,绿驹电动车(五屯绿驹专卖),陕西省,无,绿驹
2019-09-09,359乡道,长安区,西安市,108.755908,34.217921,绿驹电动车(斗门专卖店),陕西省,029-85909702;18992836702,绿驹
2019-09-09,西部家具城B1排-8号,雁塔区,西安市,108.980105,34.231392,绿驹电动车(经九路动力体验店),陕西省,无,绿驹
2019-09-09,北长安街166号附近,长安区,西安市,108.945005,34.164933,绿驹电动车(韦曲动力体验店),陕西省,无,绿驹
2019-09-09,鄠邑区大王镇七号路口,鄠邑区,西安市,108.656856,34.201291,绿驹电动车,陕西省,029-84937760,绿驹
2019-09-09,太兴南路与108省道交叉口东200米,长安区,西安市,109.110305,34.077422,绿驹电动车(引镇动力体验店),陕西省,13488212033,绿驹
2019-09-09,滦镇东街84号附近,长安区,西安市,108.824975,34.066013,绿驹电动车(滦镇专卖店),陕西省,无,绿驹
2019-09-09,子午西街与231村道交叉口西50米,长安区,西安市,108.907881,34.055809,绿驹电动车(子午镇专卖),陕西省,无,绿驹
2019-09-09,中心东街29号(周至县教育局西),周至县,西安市,108.224265,34.160471,绿驹电动车(周至动力体验店),陕西省,无,绿驹
2019-09-09,泾渭北路83号,高陵区,西安市,108.983118,34.451755,绿驹电动车(泾渭北路店),陕西省,15596877359,绿驹
2019-09-09,210国道(滦镇街道内苑卫生院高桥分院北),长安区,西安市,108.833689,34.102082,绿驹电动车(滦镇街道内苑卫生院高桥分院北),陕西省,无,绿驹
2019-09-09,沣惠南路78号北侧,莲湖区,西安市,108.889220,34.261658,绿驹土门动力体验店,陕西省,无,绿驹
2019-09-09,顺峰驾校报名处(东长安街北),长安区,西安市,108.998100,34.158741,欣绿驹电动车,陕西省,无,绿驹
2019-09-09,东新路附近,周至县,西安市,108.372606,34.146722,欣绿驹电动车,陕西省,无,绿驹
2019-09-09,锦业四路北50米,长安区,西安市,108.851516,34.173786,欣绿驹电动车,陕西省,18220016427,绿驹
2019-09-09,伞塔路156号,碑林区,西安市,108.994842,34.264289,鑫绿驹电动车(伞塔路),陕西省,029-83282977,绿驹
2019-09-09,阿房一路18号附近,未央区,西安市,108.838260,34.266889,欣绿驹电动车(总店),陕西省,无,绿驹
2019-09-09,谭家街道太华北路团结购物广场旁,未央区,西安市,108.986076,34.346987,欣绿驹电动车(团结村专卖店),陕西省,13289339277,绿驹
2019-09-09,,未央区,西安市,108.983495,34.387271,欣绿驹电动车(未央湖),陕西省,无,绿驹
2019-09-09,半引路附近,灞桥区,西安市,109.056210,34.230201,欣绿驹电动车(三殿村),陕西省,18192135950,绿驹
2019-09-09,孙武路72附近,未央区,西安市,108.838151,34.305256,欣绿驹电动车(高堡子),陕西省,18209292306,绿驹
2019-09-09,席王路13号附近,灞桥区,西安市,109.060329,34.287638,欣绿驹电动车(席王专卖店),陕西省,15686065768,绿驹
2019-09-09,,未央区,西安市,108.899659,34.312950,欣绿驹电动车(丰景路),陕西省,无,绿驹
2019-09-09,太华南路141号太华电动车批发市场,新城区,西安市,108.973526,34.289062,绿驹电动车(新兴路),陕西省,15829035989,绿驹
2019-09-09,文营西路与锦阳路交叉口西北50米,耀州区,铜川市,108.973848,34.907498,绿驹电动车(耀县动力体验店),陕西省,无,绿驹
2019-09-09,锦阳路街道中段44号,耀州区,铜川市,108.972734,34.912878,绿驹电动车(耀县动力体验店),陕西省,15609190567,绿驹
2019-09-09,延安路15号,印台区,铜川市,109.101120,35.103243,绿驹电动车(铜川4S店),陕西省,13399199881,绿驹
2019-09-09,仁和路与槐泉街交叉口西150米,眉县,宝鸡市,107.874152,34.207040,绿驹电动车,陕西省,无,绿驹
2019-09-09,南大街与二一二省道十字陇县城关客运站附近,陇县,宝鸡市,106.857400,34.887275,陇县绿驹电动车,陕西省,无,绿驹
2019-09-09,潘溪镇杨家店桥南,陈仓区,宝鸡市,107.400620,34.331295,新日电动车(潘溪店),陕西省,无,绿驹
2019-09-09,凤凰西路南100米,岐山县,宝鸡市,107.615029,34.316785,绿驹电动车(蔡家坡动力体验店),陕西省,无,绿驹
2019-09-09,五丈原摩托车市场,岐山县,宝鸡市,107.614328,34.284919,绿驹电动车(五丈原专卖店),陕西省,无,绿驹
2019-09-09,南二路与南大街交叉口北100米,扶风县,宝鸡市,107.896994,34.374263,绿驹电动车(扶风动力体验店),陕西省,0917-5231119,绿驹
2019-09-09,宝平路与西大街交叉口西50米,千阳县,宝鸡市,107.119028,34.647566,绿驹电动车,陕西省,无,绿驹
2019-09-09,张载路北50米,眉县,宝鸡市,107.959798,34.196098,绿驹电动车,陕西省,无,绿驹
2019-09-09,召公镇派出所斜对面,扶风县,宝鸡市,107.992204,34.433223,绿驹电动车召公镇专卖,陕西省,无,绿驹
2019-09-09,104省道北50米,扶风县,宝鸡市,107.999335,34.341533,绿驹电动车(杏林镇张军专卖店),陕西省,无,绿驹
2019-09-09,104省道南50米,扶风县,宝鸡市,107.824113,34.383765,绿驹电动车,陕西省,无,绿驹
2019-09-09,东风路联盟摩托车城院内,金台区,宝鸡市,107.177941,34.364780,绿驹电动车(宝鸡4S店),陕西省,无,绿驹
2019-09-09,南环路12附近,凤翔县,宝鸡市,107.396446,34.514844,绿驹电动车(凤翔动力体验店),陕西省,无,绿驹
2019-09-09,东大街与209省道交叉口南100米,扶风县,宝鸡市,107.881456,34.357016,鑫绿驹电动车,陕西省,无,绿驹
2019-09-09,绛帐镇华龙路口,扶风县,宝鸡市,107.947733,34.267921,绿驹专卖店,陕西省,无,绿驹
2019-09-09,,乾县,咸阳市,108.258267,34.392963,绿驹电动车,陕西省,无,绿驹
2019-09-09,,乾县,咸阳市,108.190774,34.375628,绿驹电动车,陕西省,无,绿驹
2019-09-09,乾兴路西50米,乾县,咸阳市,108.319961,34.475137,绿驹电动车,陕西省,无,绿驹
2019-09-09,东风路与文汇东路交叉口东北150米,渭城区,咸阳市,108.742324,34.346198,欣绿驹电动车(东风路店),陕西省,13892998775,绿驹
2019-09-09,县环路228县附近,武功县,咸阳市,108.155648,34.255560,绿驹电动车,陕西省,无,绿驹
2019-09-09,南环路西50米,兴平市,咸阳市,108.418288,34.266703,绿驹电动车,陕西省,无,绿驹
2019-09-09,城关街道西兰路中段附近,乾县,咸阳市,108.356950,34.502453,绿驹电动车(灵源动力体验店),陕西省,无,绿驹
2019-09-09,218县道东150米,乾县,咸阳市,108.344434,34.367078,绿驹电动车,陕西省,无,绿驹
2019-09-09,东大街94号附近,兴平市,咸阳市,108.487810,34.302126,绿驹电动车(兴平动力体验店),陕西省,无,绿驹
2019-09-09,温州商贸城,彬州市,咸阳市,108.080452,35.036003,绿驹电动车门店,陕西省,无,绿驹
2019-09-09,211国道东50米,泾阳县,咸阳市,108.720650,34.690361,绿驹电动车,陕西省,无,绿驹
2019-09-09,304县道西50米,彬州市,咸阳市,108.021704,35.182681,绿驹电动车(北极镇专卖店),陕西省,13474065729;029-34711119,绿驹
2019-09-09,324县道南50米,渭城区,咸阳市,108.781247,34.422903,绿驹电动车,陕西省,无,绿驹
2019-09-09,322县道南50米,礼泉县,咸阳市,108.568007,34.501957,绿驹电动车(西张堡动力体验店),陕西省,无,绿驹
2019-09-09,104省道北50米,武功县,咸阳市,108.290963,34.299902,绿驹电动车(长宁专卖),陕西省,无,绿驹
2019-09-09,三河路西50米,泾阳县,咸阳市,108.935499,34.537936,绿驹电动车,陕西省,029-36382056,绿驹
2019-09-09,106县道东50米,秦都区,咸阳市,108.659876,34.434007,绿驹电动车三轮车,陕西省,无,绿驹
2019-09-09,马三路东50米,三原县,咸阳市,108.990691,34.756375,绿驹电动车专卖店,陕西省,无,绿驹
2019-09-09,安陵公路与230县道交叉口东南100米,三原县,咸阳市,109.009708,34.658487,绿驹电动车,陕西省,无,绿驹
2019-09-09,西大街与长相路交叉口东南50米,长武县,咸阳市,107.788917,35.209458,绿驹电动车,陕西省,无,绿驹
2019-09-09,绿源电动车(烟霞专卖店),礼泉县,咸阳市,108.548202,34.576232,绿驹电动车(烟霞专卖店),陕西省,13891073511,绿驹
2019-09-09,窑店街道邮局旁,渭城区,咸阳市,108.853417,34.402083,绿驹电动车店,陕西省,无,绿驹
2019-09-09,人民银行大街与政府街交叉口南100米,三原县,咸阳市,108.942632,34.615983,绿驹电动车,陕西省,无,绿驹
2019-09-09,城关镇,淳化县,咸阳市,108.579768,34.796536,绿驹电动车淳化专卖店,陕西省,无,绿驹
2019-09-09,城关镇劳动路东段4号,礼泉县,咸阳市,108.425296,34.483560,绿驹电动车(礼泉专卖店),陕西省,无,绿驹
2019-09-09,珠泉路玉珠楼小区向西20米,秦都区,咸阳市,108.692734,34.344864,绿驹电动车专卖(珠泉路),陕西省,15991881802,绿驹
2019-09-09,独李镇独李邮政所旁,三原县,咸阳市,109.081227,34.632350,绿驹电动车(三原县独李镇品牌店),陕西省,13092967092,绿驹
2019-09-09,咸宋路与陵照转盘交叉口北100米,渭城区,咸阳市,108.728432,34.394323,绿驹,陕西省,13891095574,绿驹
2019-09-09,208省道西50米,泾阳县,咸阳市,108.895372,34.572100,绿驹电动车,陕西省,无,绿驹
2019-09-09,107省道北50米,乾县,咸阳市,108.103000,34.464904,绿驹电动车,陕西省,无,绿驹
2019-09-09,咸户路东50米,秦都区,咸阳市,108.693616,34.285773,西张村绿驹电动车钓台动力体验店,陕西省,无,绿驹
2019-09-09,康乐路与银鑫商业步行街交叉口西150米,杨陵区,咸阳市,108.081245,34.271963,绿驹电动车(杨凌专卖店),陕西省,029-87011076,绿驹
2019-09-09,恒发铝木铁门窗(泾阳县高庄镇政府西南),泾阳县,咸阳市,108.805443,34.481062,绿驹电动车,陕西省,无,绿驹
2019-09-09,五陵塬路与106县道交汇处西150米,秦都区,咸阳市,108.667430,34.373970,绿驹电动车(动力体验店),陕西省,15129618911,绿驹
2019-09-09,中国农业银行对面,永寿县,咸阳市,108.147197,34.690504,绿驹电动车,陕西省,无,绿驹
2019-09-09,顺城巷与高庙街交叉口东北50米,乾县,咸阳市,108.247568,34.528034,绿驹电动车(乾县动力体验店),陕西省,无,绿驹
2019-09-09,西大街42号,兴平市,咸阳市,108.486435,34.302101,绿驹电动车(兴平专卖店),陕西省,无,绿驹
2019-09-09,104省道南50米,兴平市,咸阳市,108.377032,34.314857,绿驹电动车(兴平市马嵬街道办事处东南),陕西省,无,绿驹
2019-09-09,104省道北50米,武功县,咸阳市,108.206365,34.324472,鑫绿驹电动车(武功贞元专卖),陕西省,18791906173,绿驹
2019-09-09,咸兴路与留渭路交叉口西北150米,秦都区,咸阳市,108.622793,34.314791,绿驹电动车,陕西省,13359106058,绿驹
2019-09-09,沣东镇沣水园小区市场门口,秦都区,咸阳市,108.761416,34.296320,鑫绿驹电动车,陕西省,18291402530,绿驹
2019-09-09,乐育北路与民生路交叉口北150米,渭城区,咸阳市,108.715634,34.341633,绿驹电动车(咸阳4S店),陕西省,029-33270710,绿驹
2019-09-09,口王路北50米,泾阳县,咸阳市,108.651522,34.668104,绿驹电动车(白王专卖),陕西省,无,绿驹
2019-09-09,东环路,三原县,咸阳市,108.943265,34.613285,绿驹电动车(三原专卖店),陕西省,无,绿驹
2019-09-09,育才东路与邰城路交叉口西北50米,武功县,咸阳市,108.211752,34.262440,绿驹电动车(武功专卖店),陕西省,18092130211,绿驹
2019-09-09,范公中学(二中)对面,彬州市,咸阳市,108.072145,35.046237,绿驹电动车(彬县店),陕西省,029-34765085;13892007084,绿驹
2019-09-09,陈南路附近,秦都区,咸阳市,108.706687,34.312787,绿驹电动车(陈南路),陕西省,无,绿驹
2019-09-09,凤凰路与后稷路交叉口北150米,杨陵区,咸阳市,108.080159,34.283983,欣绿驹电动车,陕西省,无,绿驹
2019-09-09,东大街与隆兴巷交叉口东50米,泾阳县,咸阳市,108.848235,34.528142,欣绿驹电动车,陕西省,无,绿驹
2019-09-09,西华路东50米,秦都区,咸阳市,108.647929,34.307092,欣绿驹电动车,陕西省,无,绿驹
2019-09-09,324县道南50米,渭城区,咸阳市,108.855555,34.444642,台铃绿驹电动车,陕西省,029-33715180,绿驹
2019-09-09,长陵路北50米,渭城区,咸阳市,108.783504,34.375182,欣绿驹电动车(长陵路),陕西省,无,绿驹
2019-09-09,孟塬镇洞口对面,华阴市,渭南市,110.146107,34.560729,绿驹电动车,陕西省,无,绿驹
2019-09-09,罕固路附近,临渭区,渭南市,109.587216,34.638347,绿驹电动车,陕西省,无,绿驹
2019-09-09,华州区北赤路南50米,华州区,渭南市,109.857570,34.536630,绿驹电动车,陕西省,无,绿驹
2019-09-09,202省道西50米,大荔县,渭南市,109.944916,34.746294,绿驹电动车石槽动力体验店,陕西省,无,绿驹
2019-09-09,皇新路与黄王路交叉口西100米,合阳县,渭南市,110.022517,35.391113,皇甫庄绿驹电动车,陕西省,无,绿驹
2019-09-09,罕固路北150米,蒲城县,渭南市,109.453744,34.926774,绿驹电动车,陕西省,无,绿驹
2019-09-09,202省道西50米,大荔县,渭南市,109.946988,34.672542,绿驹电动车(北阳动力体验店),陕西省,无,绿驹
2019-09-09,王安路与202省道交叉口东南50米,澄城县,渭南市,109.850964,35.280820,绿驹电动车(王庄专卖),陕西省,无,绿驹
2019-09-09,新堡108国道旧堡路口向西50米,合阳县,渭南市,110.224568,35.315795,新堡绿驹电动车专卖,陕西省,13892525161,绿驹
2019-09-09,交斜镇交斜街道,临渭区,渭南市,109.689219,34.662336,绿驹电动车,陕西省,0913-2653222,绿驹
2019-09-09,华北路北50米,华阴市,渭南市,110.055624,34.622892,绿驹电动车,陕西省,无,绿驹
2019-09-09,城关镇四马路教育局对面,白水县,渭南市,109.591596,35.182591,绿驹电动车专卖店,陕西省,15229936005,绿驹
2019-09-09,坊镇东大街,合阳县,渭南市,110.262462,35.200819,坊镇绿驹电动车(新店),陕西省,无,绿驹
2019-09-09,201省道西50米,蒲城县,渭南市,109.621448,34.815646,绿驹电动车,陕西省,无,绿驹
2019-09-09,崇凝路与渭桥路交叉口西南100米,临渭区,渭南市,109.589172,34.384397,绿驹电动车(崇凝专卖),陕西省,无,绿驹
2019-09-09,金庄路与雷闫路交叉口东150米,富平县,渭南市,109.152576,34.831168,绿驹电动车专卖店,陕西省,无,绿驹
2019-09-09,108国道东50米,大荔县,渭南市,109.937167,34.911332,绿驹电动车,陕西省,无,绿驹
2019-09-09,长庄路与314县道交叉口北150米,富平县,渭南市,109.070167,34.816532,绿驹电动车,陕西省,无,绿驹
2019-09-09,罕弥路南50米,蒲城县,渭南市,109.599549,35.114344,绿驹电动车,陕西省,无,绿驹
2019-09-09,美梅路南50米,富平县,渭南市,109.209976,34.900178,绿驹电动车专卖店,陕西省,15929432833,绿驹
2019-09-09,文庙后巷与西环路交叉口东南100米,大荔县,渭南市,109.939601,34.790673,绿驹电动车(大荔动力体验店),陕西省,无,绿驹
2019-09-09,车站大街西段240附近,富平县,渭南市,109.178133,34.745423,绿驹电动车(富平动力体验店),陕西省,无,绿驹
2019-09-09,迎宾路木器厂家属院附近(蒲城宾馆西南),蒲城县,渭南市,109.595524,34.958548,绿驹电动车(蒲城动力体验店),陕西省,0913-7210035,绿驹
2019-09-09,庙钟路与景韩路交叉口西150米,临渭区,渭南市,109.658275,34.756934,鑫绿驹电动车(凭信专卖店),陕西省,13152359796,绿驹
2019-09-09,朝蒲路东100米,蒲城县,渭南市,109.633440,34.925583,绿驹电动车(东杨专卖店),陕西省,无,绿驹
2019-09-09,,蒲城县,渭南市,109.546481,34.895605,绿驹电动车(贾曲专卖店),陕西省,13892563604,绿驹
2019-09-09,220县道老庙镇中心小学附近,富平县,渭南市,109.416968,34.999377,绿驹电动车,陕西省,无,绿驹
2019-09-09,东风大街解放路中学对面,临渭区,渭南市,109.501507,34.500605,绿驹电动车(东风大街店),陕西省,无,绿驹
2019-09-09,市公安局西80米东岳路(西段),华阴市,渭南市,110.086257,34.565027,绿驹电动车(华阴动力体验店),陕西省,无,绿驹
2019-09-09,环城北路01号合阳县环北医院附近,合阳县,渭南市,110.152753,35.242097,绿驹电动车(合阳县国营皇甫庄林场办事处南),陕西省,无,绿驹
2019-09-09,黄河大街157号,韩城市,渭南市,110.448207,35.477977,绿驹电动车(黄河大街),陕西省,0913-5190258,绿驹
2019-09-09,龙门镇玉镜大街,韩城市,渭南市,110.555067,35.609410,绿驹电动车(玉镜大街店),陕西省,0913-5128599,绿驹
2019-09-09,黄金工业管理局北70米(和平路西),潼关县,渭南市,110.248378,34.549684,绿驹电动车(潼关专卖店),陕西省,13992319559,绿驹
2019-09-09,新秦路与彤城街路口向西北侧,华州区,渭南市,109.760226,34.513576,绿驹电动车(华州区动力体验店),陕西省,无,绿驹
2019-09-09,张觅路与201省道交叉口西南100米,临渭区,渭南市,109.608290,34.727339,绿驹电动车(吝店车行),陕西省,13038427151,绿驹
2019-09-09,西新街68号附近,合阳县,渭南市,110.143512,35.232306,绿驹电动车(合阳动力体验店),陕西省,无,绿驹
2019-09-09,106省道南50米(蒲城县国土资源局东陈国土资源所南),蒲城县,渭南市,109.808819,34.988831,绿驹电动车(蒲城县东陈镇卫生院东南),陕西省,无,绿驹
2019-09-09,王坡路与黄王路交叉口东100米,合阳县,渭南市,110.054850,35.206977,绿驹电动车,陕西省,无,绿驹
2019-09-09,官油路南50米,大荔县,渭南市,109.859955,34.643433,满平绿驹电动车,陕西省,13772768426,绿驹
2019-09-09,董村摩托城中段,韩城市,渭南市,110.455518,35.481718,绿驹电动车专卖店（董村摩托城）,陕西省,13571345688,绿驹
2019-09-09,华州区下侯路北50米,华州区,渭南市,109.780739,34.573505,下庙绿驹电动车专卖店,陕西省,0913-4862858,绿驹
2019-09-09,中心街与黄五路交叉口西北150米,黄陵县,延安市,109.090375,35.635261,绿驹电动车专卖店,陕西省,无,绿驹
2019-09-09,G309(迎宾大道),宜川县,延安市,110.184522,36.060088,绿驹电动车,陕西省,13992153212,绿驹
2019-09-09,210国道北50米,宝塔区,延安市,109.689404,36.689418,绿驹电动车(姚店中心卫生院西),陕西省,13369262297,绿驹
2019-09-09,中心大街东50米,洛川县,延安市,109.439093,35.757826,绿驹电动车(中心大街),陕西省,无,绿驹
2019-09-09,安定东路14号楼附近,子长市,延安市,109.684773,37.145385,绿驹电动车子长动力体验店,陕西省,13892138335;13892136335,绿驹
2019-09-09,凤鸣街与永兴路交叉口东北150米,洛川县,延安市,109.438537,35.757593,绿佳电动车(洛川旗舰店),陕西省,15353982606;13571130800,绿驹
2019-09-09,茶坊镇正街南8,富县,延安市,109.397715,36.000358,绿驹电动车&力帆摩托车(富县专营店),陕西省,15191159903;15091294693,绿驹
2019-09-09,108国道南150米,勉县,汉中市,106.828643,33.161386,绿驹电动车,陕西省,无,绿驹
2019-09-09,洋州镇文明西路,洋县,汉中市,107.540620,33.223648,绿驹电动车(洋县动力体验店),陕西省,无,绿驹
2019-09-09,新集镇新华路,南郑区,汉中市,106.818351,33.001737,绿驹电动车,陕西省,无,绿驹
2019-09-09,莲花南路与西大街交叉口西南150米,西乡县,汉中市,107.758934,32.980851,绿驹电动车(西乡动力体验店),陕西省,无,绿驹
2019-09-09,人民路与贾旗路交叉口北100米,勉县,汉中市,106.685001,33.158893,绿驹电动车(勉县动力体验店),陕西省,无,绿驹
2019-09-09,兴汉路与108国道交叉口西150米(台联小区旁),汉台区,汉中市,107.059018,33.075685,汉中绿驹动力电动车,陕西省,无,绿驹
2019-09-09,南一路与西二路交叉口东南50米,城固县,汉中市,107.326108,33.148551,绿驹电动车(城固动力体验店),陕西省,无,绿驹
2019-09-09,芦河路南50号附近,靖边县,榆林市,108.808374,37.592609,绿驹电动车,陕西省,无,绿驹
2019-09-09,千狮路146号附近,绥德县,榆林市,110.272746,37.516242,绿驹电动车绥德总代理,陕西省,无,绿驹
2019-09-09,迎宾大道与G20青银高速交叉口东100米,吴堡县,榆林市,110.703502,37.447381,绿驹电动车,陕西省,无,绿驹
2019-09-09,高石崖建材批发市场向东50米,府谷县,榆林市,111.041761,39.058221,绿驹电动车,陕西省,无,绿驹
2019-09-09,兴神路与麟州街交叉口东北50米,神木市,榆林市,110.493450,38.850524,绿驹电动车(神木专卖店),陕西省,13429795333,绿驹
2019-09-09,麟州街与黄庄路交叉口西南100米,神木市,榆林市,110.493588,38.835699,欣绿驹电动车,陕西省,无,绿驹
2019-09-09,316国道西50米,汉滨区,安康市,108.952030,32.706348,绿驹电动车,陕西省,无,绿驹
2019-09-09,人民路与南台路交叉口东北150米,白河县,安康市,110.117797,32.807903,绿驹电动车,陕西省,无,绿驹
2019-09-09,城关镇新正街59号,平利县,安康市,109.372394,32.384127,绿驹电动车,陕西省,无,绿驹
2019-09-09,316国道西50米,汉阴县,安康市,108.645319,32.809763,绿驹电动车(蒲溪店),陕西省,无,绿驹
2019-09-09,富强东街与北城街丁字路口,汉阴县,安康市,108.515785,32.886906,绿驹电动车,陕西省,13038927688,绿驹
2019-09-09,县城内消防队,石泉县,安康市,108.257170,33.038950,欣绿驹电动车,陕西省,无,绿驹
2019-09-09,山镇路西100米,山阳县,商洛市,109.870166,33.528626,绿驹电动车,陕西省,无,绿驹
2019-09-09,郭山路北50米,丹凤县,商洛市,110.439531,33.468196,绿驹电动车,陕西省,无,绿驹
2019-09-09,长新路790号附近,商南县,商洛市,110.875311,33.529858,绿驹电动车专卖店,陕西省,18829141765,绿驹
2019-09-09,金山小区门口,丹凤县,商洛市,110.342716,33.685747,绿驹电动车(丹凤动力体验店),陕西省,无,绿驹
2019-09-09,三保路与永洛路交叉口东南100米,洛南县,商洛市,109.957256,34.154542,绿驹电动车(三保路),陕西省,无,绿驹
2019-09-09,灵三路与307省道交叉口东北200米,洛南县,商洛市,110.500714,33.991650,绿驹电动车(灵三路店),陕西省,无,绿驹
2019-09-09,307省道西150米,洛南县,商洛市,110.369878,34.026026,绿驹电动车(客都购物广场北),陕西省,无,绿驹
2019-09-09,镇迎宾路40号附近,镇安县,商洛市,109.161439,33.420225,绿驹电动车,陕西省,15829163558,绿驹
2019-09-09,连城镇301省道,永登县,兰州市,102.844708,36.588818,绿驹电动车,甘肃省,13669309109,绿驹
2019-09-09,公园路4-2号,金川区,金昌市,102.192783,38.518278,绿驹电动车(金昌旗舰店),甘肃省,无,绿驹
2019-09-09,会师镇金三角向南100米,会宁县,白银市,105.064343,35.679986,绿驹电动车会宁专卖店,甘肃省,18009434868,绿驹
2019-09-09,先锋街与解放北路交叉口西150米,秦安县,天水市,105.673229,34.866897,绿驹电动车,甘肃省,无,绿驹
2019-09-09,埠南路83号,麦积区,天水市,105.889280,34.550459,绿驹电动车,甘肃省,15193840698,绿驹
2019-09-09,解放路1号商住楼店-20/21,秦州区,天水市,105.714292,34.578873,绿驹电动车(天水动力体验店),甘肃省,0938-8211192;18793805148,绿驹
2019-09-09,南关路与304省道交叉口西南100米,甘谷县,天水市,105.330467,34.734053,绿驹电动车,甘肃省,无,绿驹
2019-09-09,城南路与新民路交叉口东南150米,崆峒区,平凉市,106.690261,35.534328,绿驹电动车(平凉动力体验店),甘肃省,无,绿驹
2019-09-09,小区路,崇信县,平凉市,107.032202,35.306595,绿驹电动车(崇信专卖店),甘肃省,13830364282,绿驹
2019-09-09,解放东路与永乐道交叉口西侧,西峰区,庆阳市,107.644394,35.742591,富士达山地自行车绿驹电动车,甘肃省,13993410693,绿驹
2019-09-09,211国道附近,正宁县,庆阳市,108.042159,35.298040,绿驹电动车,甘肃省,无,绿驹
2019-09-09,西华北街101号,合水县,庆阳市,108.019314,35.820926,绿驹电动车(合水动力体验店),甘肃省,13830456678,绿驹
2019-09-09,大院巷与307省道交叉口西南100米,康县,陇南市,105.612069,33.333426,绿驹电动车(滨河路店),甘肃省,13830955674,绿驹
2019-09-09,银佐公路春晨苑(满春家园东50米),兴庆区,银川市,106.309719,38.478162,绿驹电动车,宁夏回族自治区,无,绿驹
2019-09-09,利宁北街174号,利通区,吴忠市,106.193780,37.989710,绿驹电动车,宁夏回族自治区,无,绿驹
2019-09-09,,原州区,固原市,106.163720,36.276211,绿驹电动车三营动力体验店,宁夏回族自治区,无,绿驹
2019-09-09,吉木萨尔镇第一商业广场,吉木萨尔县,昌吉回族自治州,89.202190,43.997833,绿驹电动车,新疆维吾尔自治区,13899663788,绿驹
2019-09-09,军户农场步行街,昌吉市,昌吉回族自治州,87.069736,44.002059,昌吉军户农场豪爵铃木绿驹电动车,新疆维吾尔自治区,15199665454,绿驹
2019-09-09,交通路与温泉路交叉口西北150米,拜城县,阿克苏地区,81.860951,41.792909,绿驹电动车(温泉路),新疆维吾尔自治区,无,绿驹
2019-09-09,团结路与新城路交汇处东侧,乌什县,阿克苏地区,79.228730,41.222610,绿驹电动车,新疆维吾尔自治区,18509978618,绿驹
2019-09-09,塔北路16-14号,阿克苏市,阿克苏地区,80.279278,41.169054,绿驹电动车(建安二区北),新疆维吾尔自治区,0997-6382606;0997-6368686,绿驹
2019-09-09,文化路11号附近,阿图什市,克孜勒苏柯尔克孜自治州,76.176335,39.715114,绿驹电动车,新疆维吾尔自治区,无,绿驹
2019-09-09,友谊南路与团结东路交叉口东南50米,巴楚县,喀什地区,78.551731,39.781178,绿驹电动车,新疆维吾尔自治区,0998-6228055;13379756569,绿驹
2019-09-09,巴合齐路南50米,疏勒县,喀什地区,76.046984,39.398212,绿驹电动车,新疆维吾尔自治区,无,绿驹
2019-09-09,和北京东路71号,和田市,和田地区,79.932137,37.110381,绿驹电动车(和田专卖店),新疆维吾尔自治区,无,绿驹
2019-09-09,新光街三巷与阿依墩街九巷交叉口东北200米,伊宁市,伊犁哈萨克自治州,81.321412,43.903744,绿驹电动车,新疆维吾尔自治区,无,绿驹
2019-09-09,,察布查尔锡伯自治县,伊犁哈萨克自治州,81.132542,43.843829,绿驹电动车,新疆维吾尔自治区,无,绿驹
2019-09-09,和布克东街与哈尔尕图北路交叉口西南50米,和布克赛尔蒙古自治县,塔城地区,85.741752,46.797011,绿驹电动车,新疆维吾尔自治区,无,绿驹
2019-09-09,大塔段附近,塔城市,塔城地区,82.945908,46.759709,绿驹电动车,新疆维吾尔自治区,无,绿驹
2019-09-09,喀纳斯路与百花园路交叉口东100米,布尔津县,阿勒泰地区,86.865307,47.701549,绿驹电动车(喀纳斯路),新疆维吾尔自治区,13135831358,绿驹
2019-09-09,西一路与幸福路交叉处西侧路南,石河子市,石河子市,86.026045,44.309526,绿驹电动车专卖店,新疆维吾尔自治区,无,绿驹
2019-09-09,唐城宾馆南侧图木舒克市客运站附近,图木舒克市,图木舒克市,79.082406,39.875208,绿驹电动车,新疆维吾尔自治区,无,绿驹
